name,geomaster_name,geomaster_id,admin_level,date,individuals,centroid_lon,centroid_lat,lat_max,lon_max,lat_min,lon_min,source,month,year,population_groups_concat,population_group_id,individuals_type,demography_type,households,published,numChildren,color
3,Republic of Moldova,10784,Country,2022-03-03,103254,28.4646,47.1976,54.1976,35.464600000000004,40.1976,21.4646,NA,3,2022,Ukrainian Asylum-seekers/applications cumulative,5460,2,1,0,FALSE,0,#3c8dbc
6,Russian Federation,10791,Country,2022-03-03,53300,38.1556078125,51.488850139616,59.067055102908,36.958297741264,54.998769388622,31.669526312692,NA,3,2022,Ukrainian Asylum-seekers/applications cumulative,5460,2,1,0,FALSE,0,#3c8dbc
1,Poland,10781,Country,2022-03-04,756303,19.4013,52.1224,55.469505777204,26.4013,48.02154911827,12.4013,NA,3,2022,Ukrainian Asylum-seekers/applications cumulative,5460,2,1,0,FALSE,0,#3c8dbc
2,Hungary,10783,Country,2022-03-04,157004,19.4131,47.1672,54.1672,26.58888125,43.760060981758,12.4131,NA,3,2022,Ukrainian Asylum-seekers/applications cumulative,5460,2,1,0,FALSE,0,#3c8dbc
4,Slovakia,10785,Country,2022-03-04,101529,19.4864,48.7062,55.7062,26.4864,41.7062,12.4864,NA,3,2022,Ukrainian Asylum-seekers/applications cumulative,5460,2,1,0,FALSE,0,#3c8dbc
5,Romania,10782,Country,2022-03-04,63192,25.3,45.8667,52.8667,32.3,38.8667,18.3,NA,3,2022,Ukrainian Asylum-seekers/applications cumulative,5460,2,1,0,FALSE,0,#3c8dbc
7,Belarus,10786,Country,2022-03-04,406,28.0463,53.5384,57.838933546403,33.727940625,48.496893952144,21.0463,NA,3,2022,Ukrainian Asylum-seekers/applications cumulative,5460,2,1,0,FALSE,0,#3c8dbc
1,Poland,10781,Country,2022-03-06,1027603,19.4013,52.1224,55.469505777204,26.4013,48.02154911827,12.4013,NA,3,2022,Ukrainian Asylum-seekers/applications cumulative,5460,2,1,0,FALSE,0,#3c8dbc
2,Hungary,10783,Country,2022-03-06,180163,19.4131,47.1672,54.1672,26.58888125,43.760060981758,12.4131,NA,3,2022,Ukrainian Asylum-seekers/applications cumulative,5460,2,1,0,FALSE,0,#3c8dbc
3,Slovakia,10785,Country,2022-03-06,128169,19.4864,48.7062,55.7062,26.4864,41.7062,12.4864,NA,3,2022,Ukrainian Asylum-seekers/applications cumulative,5460,2,1,0,FALSE,0,#3c8dbc
4,Republic of Moldova,10784,Country,2022-03-06,82762,28.4646,47.1976,54.1976,35.464600000000004,40.1976,21.4646,NA,3,2022,Ukrainian Asylum-seekers/applications cumulative,5460,2,1,0,FALSE,0,#3c8dbc
5,Romania,10782,Country,2022-03-06,78977,25.3,45.8667,52.8667,32.3,38.8667,18.3,NA,3,2022,Ukrainian Asylum-seekers/applications cumulative,5460,2,1,0,FALSE,0,#3c8dbc
2,Hungary,10783,Country,2022-03-07,191348,19.4131,47.1672,54.1672,26.58888125,43.760060981758,12.4131,NA,3,2022,Ukrainian Asylum-seekers/applications cumulative,5460,2,1,0,FALSE,0,#3c8dbc
3,Slovakia,10785,Country,2022-03-07,140745,19.4864,48.7062,55.7062,26.4864,41.7062,12.4864,NA,3,2022,Ukrainian Asylum-seekers/applications cumulative,5460,2,1,0,FALSE,0,#3c8dbc
7,Belarus,10786,Country,2022-03-07,453,28.0463,53.5384,57.838933546403,33.727940625,48.496893952144,21.0463,NA,3,2022,Ukrainian Asylum-seekers/applications cumulative,5460,2,1,0,FALSE,0,#3c8dbc
1,Poland,10781,Country,2022-03-08,1204403,19.4013,52.1224,55.469505777204,26.4013,48.02154911827,12.4013,NA,3,2022,Ukrainian Asylum-seekers/applications cumulative,5460,2,1,0,FALSE,0,#3c8dbc
2,Hungary,10783,Country,2022-03-08,203222,19.4131,47.1672,54.1672,26.58888125,43.760060981758,12.4131,NA,3,2022,Ukrainian Asylum-seekers/applications cumulative,5460,2,1,0,FALSE,0,#3c8dbc
3,Slovakia,10785,Country,2022-03-08,153303,19.4864,48.7062,55.7062,26.4864,41.7062,12.4864,NA,3,2022,Ukrainian Asylum-seekers/applications cumulative,5460,2,1,0,FALSE,0,#3c8dbc
4,Russian Federation,10791,Country,2022-03-08,99300,38.1556078125,51.488850139616,59.067055102908,36.958297741264,54.998769388622,31.669526312692,NA,3,2022,Ukrainian Asylum-seekers/applications cumulative,5460,2,1,0,FALSE,0,#3c8dbc
5,Romania,10782,Country,2022-03-08,85444,25.3,45.8667,52.8667,32.3,38.8667,18.3,NA,3,2022,Ukrainian Asylum-seekers/applications cumulative,5460,2,1,0,FALSE,0,#3c8dbc
7,Belarus,10786,Country,2022-03-08,592,28.0463,53.5384,57.838933546403,33.727940625,48.496893952144,21.0463,NA,3,2022,Ukrainian Asylum-seekers/applications cumulative,5460,2,1,0,FALSE,0,#3c8dbc
3,Slovakia,10785,Country,2022-03-09,165199,19.4864,48.7062,55.7062,26.4864,41.7062,12.4864,NA,3,2022,Ukrainian Asylum-seekers/applications cumulative,5460,2,1,0,FALSE,0,#3c8dbc
4,Russian Federation,10791,Country,2022-03-09,97098,38.1556078125,51.488850139616,59.067055102908,36.958297741264,54.998769388622,31.669526312692,NA,3,2022,Ukrainian Asylum-seekers/applications cumulative,5460,2,1,0,FALSE,0,#3c8dbc
7,Belarus,10786,Country,2022-03-09,765,28.0463,53.5384,57.838933546403,33.727940625,48.496893952144,21.0463,NA,3,2022,Ukrainian Asylum-seekers/applications cumulative,5460,2,1,0,FALSE,0,#3c8dbc
2,Hungary,10783,Country,2022-03-10,225046,19.4131,47.1672,54.1672,26.58888125,43.760060981758,12.4131,NA,3,2022,Ukrainian Asylum-seekers/applications cumulative,5460,2,1,0,FALSE,0,#3c8dbc
3,Slovakia,10785,Country,2022-03-10,176092,19.4864,48.7062,55.7062,26.4864,41.7062,12.4864,NA,3,2022,Ukrainian Asylum-seekers/applications cumulative,5460,2,1,0,FALSE,0,#3c8dbc
4,Russian Federation,10791,Country,2022-03-10,105897,38.1556078125,51.488850139616,59.067055102908,36.958297741264,54.998769388622,31.669526312692,NA,3,2022,Ukrainian Asylum-seekers/applications cumulative,5460,2,1,0,FALSE,0,#3c8dbc
5,Republic of Moldova,10784,Country,2022-03-10,104929,28.4646,47.1976,54.1976,35.464600000000004,40.1976,21.4646,NA,3,2022,Ukrainian Asylum-seekers/applications cumulative,5460,2,1,0,FALSE,0,#3c8dbc
7,Belarus,10786,Country,2022-03-10,858,28.0463,53.5384,57.838933546403,33.727940625,48.496893952144,21.0463,NA,3,2022,Ukrainian Asylum-seekers/applications cumulative,5460,2,1,0,FALSE,0,#3c8dbc
1,Poland,10781,Country,2022-03-11,1524903,19.4013,52.1224,55.469505777204,26.4013,48.02154911827,12.4013,NA,3,2022,Ukrainian Asylum-seekers/applications cumulative,5460,2,1,0,FALSE,0,#3c8dbc
2,Hungary,10783,Country,2022-03-11,235576,19.4131,47.1672,54.1672,26.58888125,43.760060981758,12.4131,NA,3,2022,Ukrainian Asylum-seekers/applications cumulative,5460,2,1,0,FALSE,0,#3c8dbc
3,Slovakia,10785,Country,2022-03-11,185673,19.4864,48.7062,55.7062,26.4864,41.7062,12.4864,NA,3,2022,Ukrainian Asylum-seekers/applications cumulative,5460,2,1,0,FALSE,0,#3c8dbc
7,Belarus,10786,Country,2022-03-11,938,28.0463,53.5384,57.838933546403,33.727940625,48.496893952144,21.0463,NA,3,2022,Ukrainian Asylum-seekers/applications cumulative,5460,2,1,0,FALSE,0,#3c8dbc
1,Poland,10781,Country,2022-03-12,1655503,19.4013,52.1224,55.469505777204,26.4013,48.02154911827,12.4013,NA,3,2022,Ukrainian Asylum-seekers/applications cumulative,5460,2,1,0,FALSE,0,#3c8dbc
2,Hungary,10783,Country,2022-03-12,246206,19.4131,47.1672,54.1672,26.58888125,43.760060981758,12.4131,NA,3,2022,Ukrainian Asylum-seekers/applications cumulative,5460,2,1,0,FALSE,0,#3c8dbc
3,Slovakia,10785,Country,2022-03-12,195980,19.4864,48.7062,55.7062,26.4864,41.7062,12.4864,NA,3,2022,Ukrainian Asylum-seekers/applications cumulative,5460,2,1,0,FALSE,0,#3c8dbc
1,Poland,10781,Country,2022-03-13,1720227,19.4013,52.1224,55.469505777204,26.4013,48.02154911827,12.4013,NA,3,2022,Ukrainian Asylum-seekers/applications cumulative,5460,2,1,0,FALSE,0,#3c8dbc
2,Republic of Moldova,10784,Country,2022-03-13,330217,28.4646,47.1976,54.1976,35.464600000000004,40.1976,21.4646,NA,3,2022,Ukrainian Asylum-seekers/applications cumulative,5460,2,1,0,FALSE,0,#3c8dbc
3,Hungary,10783,Country,2022-03-13,255291,19.4131,47.1672,54.1672,26.58888125,43.760060981758,12.4131,NA,3,2022,Ukrainian Asylum-seekers/applications cumulative,5460,2,1,0,FALSE,0,#3c8dbc
4,Slovakia,10785,Country,2022-03-13,204862,19.4864,48.7062,55.7062,26.4864,41.7062,12.4864,NA,3,2022,Ukrainian Asylum-seekers/applications cumulative,5460,2,1,0,FALSE,0,#3c8dbc
5,Romania,10782,Country,2022-03-13,181596,25.3,45.8667,52.8667,32.3,38.8667,18.3,NA,3,2022,Ukrainian Asylum-seekers/applications cumulative,5460,2,1,0,FALSE,0,#3c8dbc
6,Russian Federation,10791,Country,2022-03-13,131365,38.1556078125,51.488850139616,59.067055102908,36.958297741264,54.998769388622,31.669526312692,NA,3,2022,Ukrainian Asylum-seekers/applications cumulative,5460,2,1,0,FALSE,0,#3c8dbc
7,Belarus,10786,Country,2022-03-13,1226,28.0463,53.5384,57.838933546403,33.727940625,48.496893952144,21.0463,NA,3,2022,Ukrainian Asylum-seekers/applications cumulative,5460,2,1,0,FALSE,0,#3c8dbc
2,Republic of Moldova,10784,Country,2022-03-14,337215,28.4646,47.1976,54.1976,35.464600000000004,40.1976,21.4646,NA,3,2022,Ukrainian Asylum-seekers/applications cumulative,5460,2,1,0,FALSE,0,#3c8dbc
4,Slovakia,10785,Country,2022-03-14,213000,19.4864,48.7062,55.7062,26.4864,41.7062,12.4864,NA,3,2022,Ukrainian Asylum-seekers/applications cumulative,5460,2,1,0,FALSE,0,#3c8dbc
6,Russian Federation,10791,Country,2022-03-14,142994,38.1556078125,51.488850139616,59.067055102908,36.958297741264,54.998769388622,31.669526312692,NA,3,2022,Ukrainian Asylum-seekers/applications cumulative,5460,2,1,0,FALSE,0,#3c8dbc
7,Belarus,10786,Country,2022-03-14,1475,28.0463,53.5384,57.838933546403,33.727940625,48.496893952144,21.0463,NA,3,2022,Ukrainian Asylum-seekers/applications cumulative,5460,2,1,0,FALSE,0,#3c8dbc
1,Poland,10781,Country,2022-03-15,1830711,19.4013,52.1224,55.469505777204,26.4013,48.02154911827,12.4013,NA,3,2022,Ukrainian Asylum-seekers/applications cumulative,5460,2,1,0,FALSE,0,#3c8dbc
2,Republic of Moldova,10784,Country,2022-03-15,344454,28.4646,47.1976,54.1976,35.464600000000004,40.1976,21.4646,NA,3,2022,Ukrainian Asylum-seekers/applications cumulative,5460,2,1,0,FALSE,0,#3c8dbc
3,Hungary,10783,Country,2022-03-15,267570,19.4131,47.1672,54.1672,26.58888125,43.760060981758,12.4131,NA,3,2022,Ukrainian Asylum-seekers/applications cumulative,5460,2,1,0,FALSE,0,#3c8dbc
4,Slovakia,10785,Country,2022-03-15,220977,19.4864,48.7062,55.7062,26.4864,41.7062,12.4864,NA,3,2022,Ukrainian Asylum-seekers/applications cumulative,5460,2,1,0,FALSE,0,#3c8dbc
5,Romania,10782,Country,2022-03-15,207416,25.3,45.8667,52.8667,32.3,38.8667,18.3,NA,3,2022,Ukrainian Asylum-seekers/applications cumulative,5460,2,1,0,FALSE,0,#3c8dbc
6,Russian Federation,10791,Country,2022-03-15,155841,38.1556078125,51.488850139616,59.067055102908,36.958297741264,54.998769388622,31.669526312692,NA,3,2022,Ukrainian Asylum-seekers/applications cumulative,5460,2,1,0,FALSE,0,#3c8dbc
7,Belarus,10786,Country,2022-03-15,1816,28.0463,53.5384,57.838933546403,33.727940625,48.496893952144,21.0463,NA,3,2022,Ukrainian Asylum-seekers/applications cumulative,5460,2,1,0,FALSE,0,#3c8dbc
1,Poland,10781,Country,2022-03-16,1916445,19.4013,52.1224,55.469505777204,26.4013,48.02154911827,12.4013,NA,3,2022,Ukrainian Asylum-seekers/applications cumulative,5460,2,1,0,TRUE,0,#3c8dbc
2,Republic of Moldova,10784,Country,2022-03-16,350886,28.4646,47.1976,54.1976,35.464600000000004,40.1976,21.4646,NA,3,2022,Ukrainian Asylum-seekers/applications cumulative,5460,2,1,0,FALSE,0,#3c8dbc
3,Hungary,10783,Country,2022-03-16,282611,19.4131,47.1672,54.1672,26.58888125,43.760060981758,12.4131,NA,3,2022,Ukrainian Asylum-seekers/applications cumulative,5460,2,1,0,FALSE,0,#3c8dbc
4,Slovakia,10785,Country,2022-03-16,228844,19.4864,48.7062,55.7062,26.4864,41.7062,12.4864,NA,3,2022,Ukrainian Asylum-seekers/applications cumulative,5460,2,1,0,FALSE,0,#3c8dbc
5,Romania,10782,Country,2022-03-16,220126,25.3,45.8667,52.8667,32.3,38.8667,18.3,NA,3,2022,Ukrainian Asylum-seekers/applications cumulative,5460,2,1,0,FALSE,0,#3c8dbc
6,Russian Federation,10791,Country,2022-03-16,168858,38.1556078125,51.488850139616,59.067055102908,36.958297741264,54.998769388622,31.669526312692,NA,3,2022,Ukrainian Asylum-seekers/applications cumulative,5460,2,1,0,FALSE,0,#3c8dbc
7,Belarus,10786,Country,2022-03-16,2127,28.0463,53.5384,57.838933546403,33.727940625,48.496893952144,21.0463,NA,3,2022,Ukrainian Asylum-seekers/applications cumulative,5460,2,1,0,FALSE,0,#3c8dbc
2,Republic of Moldova,10784,Country,2022-03-17,355426,28.4646,47.1976,54.1976,35.464600000000004,40.1976,21.4646,NA,3,2022,Ukrainian Asylum-seekers/applications cumulative,5460,2,1,0,FALSE,0,#3c8dbc
3,Hungary,10783,Country,2022-03-17,291230,19.4131,47.1672,54.1672,26.58888125,43.760060981758,12.4131,NA,3,2022,Ukrainian Asylum-seekers/applications cumulative,5460,2,1,0,FALSE,0,#3c8dbc
4,Slovakia,10785,Country,2022-03-17,234738,19.4864,48.7062,55.7062,26.4864,41.7062,12.4864,NA,3,2022,Ukrainian Asylum-seekers/applications cumulative,5460,2,1,0,FALSE,0,#3c8dbc
5,Romania,10782,Country,2022-03-17,227129,25.3,45.8667,52.8667,32.3,38.8667,18.3,NA,3,2022,Ukrainian Asylum-seekers/applications cumulative,5460,2,1,0,FALSE,0,#3c8dbc
6,Russian Federation,10791,Country,2022-03-17,184563,38.1556078125,51.488850139616,59.067055102908,36.958297741264,54.998769388622,31.669526312692,NA,3,2022,Ukrainian Asylum-seekers/applications cumulative,5460,2,1,0,FALSE,0,#3c8dbc
7,Belarus,10786,Country,2022-03-17,2548,28.0463,53.5384,57.838933546403,33.727940625,48.496893952144,21.0463,NA,3,2022,Ukrainian Asylum-seekers/applications cumulative,5460,2,1,0,FALSE,0,#3c8dbc
1,Poland,10781,Country,2022-03-18,1975449,19.4013,52.1224,55.469505777204,26.4013,48.02154911827,12.4013,NA,3,2022,Ukrainian Asylum-seekers/applications cumulative,5460,2,1,0,TRUE,0,#3c8dbc
2,Republic of Moldova,10784,Country,2022-03-18,359056,28.4646,47.1976,54.1976,35.464600000000004,40.1976,21.4646,NA,3,2022,Ukrainian Asylum-seekers/applications cumulative,5460,2,1,0,FALSE,0,#3c8dbc
3,Hungary,10783,Country,2022-03-18,299273,19.4131,47.1672,54.1672,26.58888125,43.760060981758,12.4131,NA,3,2022,Ukrainian Asylum-seekers/applications cumulative,5460,2,1,0,FALSE,0,#3c8dbc
4,Slovakia,10785,Country,2022-03-18,240009,19.4864,48.7062,55.7062,26.4864,41.7062,12.4864,NA,3,2022,Ukrainian Asylum-seekers/applications cumulative,5460,2,1,0,FALSE,0,#3c8dbc
5,Romania,10782,Country,2022-03-18,232550,25.3,45.8667,52.8667,32.3,38.8667,18.3,NA,3,2022,Ukrainian Asylum-seekers/applications cumulative,5460,2,1,0,FALSE,0,#3c8dbc
1,Poland,10781,Country,2022-03-19,2050392,19.4013,52.1224,55.469505777204,26.4013,48.02154911827,12.4013,NA,3,2022,Ukrainian Asylum-seekers/applications cumulative,5460,2,1,0,TRUE,0,#3c8dbc
2,Republic of Moldova,10784,Country,2022-03-19,362514,28.4646,47.1976,49.019638429728,31.685303125,45.044273452589,25.068115625,NA,3,2022,Ukrainian Asylum-seekers/applications cumulative,5460,2,1,0,FALSE,0,#3c8dbc
3,Hungary,10783,Country,2022-03-19,305518,19.4131,47.1672,54.1672,26.58888125,43.760060981758,12.4131,NA,3,2022,Ukrainian Asylum-seekers/applications cumulative,5460,2,1,0,FALSE,0,#3c8dbc
4,Slovakia,10785,Country,2022-03-19,245569,19.4864,48.7062,55.7062,26.4864,41.7062,12.4864,NA,3,2022,Ukrainian Asylum-seekers/applications cumulative,5460,2,1,0,FALSE,0,#3c8dbc
5,Romania,10782,Country,2022-03-19,237940,25.3,45.8667,52.8667,32.3,38.8667,18.3,NA,3,2022,Ukrainian Asylum-seekers/applications cumulative,5460,2,1,0,FALSE,0,#3c8dbc
1,Poland,10781,Country,2022-03-20,2083854,19.4013,52.1224,55.469505777204,26.4013,48.02154911827,12.4013,NA,3,2022,Ukrainian Asylum-seekers/applications cumulative,5460,2,1,0,TRUE,0,#3c8dbc
2,Republic of Moldova,10784,Country,2022-03-20,365197,28.4646,47.1976,49.019638429728,31.685303125,45.044273452589,25.068115625,NA,3,2022,Ukrainian Asylum-seekers/applications cumulative,5460,2,1,0,TRUE,0,#3c8dbc
3,Hungary,10783,Country,2022-03-20,312120,19.4131,47.1672,54.1672,26.58888125,43.760060981758,12.4131,NA,3,2022,Ukrainian Asylum-seekers/applications cumulative,5460,2,1,0,FALSE,0,#3c8dbc
4,Slovakia,10785,Country,2022-03-20,250036,19.4864,48.7062,55.7062,26.4864,41.7062,12.4864,NA,3,2022,Ukrainian Asylum-seekers/applications cumulative,5460,2,1,0,FALSE,0,#3c8dbc
5,Romania,10782,Country,2022-03-20,242908,25.3,45.8667,52.8667,32.3,38.8667,18.3,NA,3,2022,Ukrainian Asylum-seekers/applications cumulative,5460,2,1,0,FALSE,0,#3c8dbc
6,Russian Federation,10791,Country,2022-03-20,231764,38.1556078125,51.488850139616,59.067055102908,36.958297741264,54.998769388622,31.669526312692,NA,3,2022,Ukrainian Asylum-seekers/applications cumulative,5460,2,1,0,FALSE,0,#3c8dbc
7,Belarus,10786,Country,2022-03-20,3765,28.0463,53.5384,57.838933546403,33.727940625,48.496893952144,21.0463,NA,3,2022,Ukrainian Asylum-seekers/applications cumulative,5460,2,1,0,FALSE,0,#3c8dbc
1,Poland,10781,Country,2022-03-21,2113554,19.4013,52.1224,55.469505777204,26.4013,48.02154911827,12.4013,NA,3,2022,Ukrainian Asylum-seekers/applications cumulative,5460,2,1,0,TRUE,0,#3c8dbc
2,Republic of Moldova,10784,Country,2022-03-21,367913,28.4646,47.1976,49.019638429728,31.685303125,45.044273452589,25.068115625,NA,3,2022,Ukrainian Asylum-seekers/applications cumulative,5460,2,1,0,TRUE,0,#3c8dbc
3,Hungary,10783,Country,2022-03-21,317863,19.4131,47.1672,54.1672,26.58888125,43.760060981758,12.4131,NA,3,2022,Ukrainian Asylum-seekers/applications cumulative,5460,2,1,0,FALSE,0,#3c8dbc
4,Slovakia,10785,Country,2022-03-21,253592,19.4864,48.7062,55.7062,26.4864,41.7062,12.4864,NA,3,2022,Ukrainian Asylum-seekers/applications cumulative,5460,2,1,0,FALSE,0,#3c8dbc
5,Russian Federation,10791,Country,2022-03-21,252376,38.1556078125,51.488850139616,59.067055102908,36.958297741264,54.998769388622,31.669526312692,NA,3,2022,Ukrainian Asylum-seekers/applications cumulative,5460,2,1,0,FALSE,0,#3c8dbc
6,Romania,10782,Country,2022-03-21,247639,25.3,45.8667,52.8667,32.3,38.8667,18.3,NA,3,2022,Ukrainian Asylum-seekers/applications cumulative,5460,2,1,0,FALSE,0,#3c8dbc
7,Belarus,10786,Country,2022-03-21,4308,28.0463,53.5384,57.838933546403,33.727940625,48.496893952144,21.0463,NA,3,2022,Ukrainian Asylum-seekers/applications cumulative,5460,2,1,0,FALSE,0,#3c8dbc
1,Poland,10781,Country,2022-03-22,2144244,19.4013,52.1224,55.469505777204,26.4013,48.02154911827,12.4013,NA,3,2022,Ukrainian Asylum-seekers/applications cumulative,5460,2,1,0,TRUE,0,#3c8dbc
2,Republic of Moldova,10784,Country,2022-03-22,371104,28.4646,47.1976,49.019638429728,31.685303125,45.044273452589,25.068115625,NA,3,2022,Ukrainian Asylum-seekers/applications cumulative,5460,2,1,0,TRUE,0,#3c8dbc
3,Hungary,10783,Country,2022-03-22,324397,19.4131,47.1672,54.1672,26.58888125,43.760060981758,12.4131,NA,3,2022,Ukrainian Asylum-seekers/applications cumulative,5460,2,1,0,FALSE,0,#3c8dbc
4,Russian Federation,10791,Country,2022-03-22,271254,38.1556078125,51.488850139616,59.067055102908,36.958297741264,54.998769388622,31.669526312692,NA,3,2022,Ukrainian Asylum-seekers/applications cumulative,5460,2,1,0,FALSE,0,#3c8dbc
5,Slovakia,10785,Country,2022-03-22,256838,19.4864,48.7062,55.7062,26.4864,41.7062,12.4864,NA,3,2022,Ukrainian Asylum-seekers/applications cumulative,5460,2,1,0,FALSE,0,#3c8dbc
6,Romania,10782,Country,2022-03-22,253771,25.3,45.8667,52.8667,32.3,38.8667,18.3,NA,3,2022,Ukrainian Asylum-seekers/applications cumulative,5460,2,1,0,FALSE,0,#3c8dbc
7,Belarus,10786,Country,2022-03-22,4938,28.0463,53.5384,57.838933546403,33.727940625,48.496893952144,21.0463,NA,3,2022,Ukrainian Asylum-seekers/applications cumulative,5460,2,1,0,FALSE,0,#3c8dbc
1,Poland,10781,Country,2022-03-23,2173944,19.4013,52.1224,55.469505777204,26.4013,48.02154911827,12.4013,NA,3,2022,Ukrainian Asylum-seekers/applications cumulative,5460,2,1,0,TRUE,0,#3c8dbc
2,Republic of Moldova,10784,Country,2022-03-23,374059,28.4646,47.1976,49.019638429728,31.685303125,45.044273452589,25.068115625,NA,3,2022,Ukrainian Asylum-seekers/applications cumulative,5460,2,1,0,TRUE,0,#3c8dbc
3,Hungary,10783,Country,2022-03-23,330877,19.4131,47.1672,54.1672,26.58888125,43.760060981758,12.4131,NA,3,2022,Ukrainian Asylum-seekers/applications cumulative,5460,2,1,0,FALSE,0,#3c8dbc
5,Slovakia,10785,Country,2022-03-23,260244,19.4864,48.7062,55.7062,26.4864,41.7062,12.4864,NA,3,2022,Ukrainian Asylum-seekers/applications cumulative,5460,2,1,0,FALSE,0,#3c8dbc
6,Romania,10782,Country,2022-03-23,259005,25.3,45.8667,52.8667,32.3,38.8667,18.3,NA,3,2022,Ukrainian Asylum-seekers/applications cumulative,5460,2,1,0,FALSE,0,#3c8dbc
7,Belarus,10786,Country,2022-03-23,5569,28.0463,53.5384,57.838933546403,33.727940625,48.496893952144,21.0463,NA,3,2022,Ukrainian Asylum-seekers/applications cumulative,5460,2,1,0,FALSE,0,#3c8dbc
1,Poland,10781,Country,2022-03-24,2206119,19.4013,52.1224,55.469505777204,26.4013,48.02154911827,12.4013,NA,3,2022,Ukrainian Asylum-seekers/applications cumulative,5460,2,1,0,TRUE,0,#3c8dbc
2,Republic of Moldova,10784,Country,2022-03-24,376748,28.4646,47.1976,49.019638429728,31.685303125,45.044273452589,25.068115625,NA,3,2022,Ukrainian Asylum-seekers/applications cumulative,5460,2,1,0,TRUE,0,#3c8dbc
3,Hungary,10783,Country,2022-03-24,336701,19.4131,47.1672,54.1672,26.58888125,43.760060981758,12.4131,NA,3,2022,Ukrainian Asylum-seekers/applications cumulative,5460,2,1,0,FALSE,0,#3c8dbc
5,Romania,10782,Country,2022-03-24,264684,25.3,45.8667,52.8667,32.3,38.8667,18.3,NA,3,2022,Ukrainian Asylum-seekers/applications cumulative,5460,2,1,0,FALSE,0,#3c8dbc
6,Slovakia,10785,Country,2022-03-24,263959,19.4864,48.7062,55.7062,26.4864,41.7062,12.4864,NA,3,2022,Ukrainian Asylum-seekers/applications cumulative,5460,2,1,0,FALSE,0,#3c8dbc
7,Belarus,10786,Country,2022-03-24,6341,28.0463,53.5384,57.838933546403,33.727940625,48.496893952144,21.0463,NA,3,2022,Ukrainian Asylum-seekers/applications cumulative,5460,2,1,0,FALSE,0,#3c8dbc
1,Poland,10781,Country,2022-03-25,2236314,19.4013,52.1224,55.469505777204,26.4013,48.02154911827,12.4013,NA,3,2022,Ukrainian Asylum-seekers/applications cumulative,5460,2,1,0,TRUE,0,#3c8dbc
2,Republic of Moldova,10784,Country,2022-03-25,379204,28.4646,47.1976,49.019638429728,31.685303125,45.044273452589,25.068115625,NA,3,2022,Ukrainian Asylum-seekers/applications cumulative,5460,2,1,0,TRUE,0,#3c8dbc
3,Hungary,10783,Country,2022-03-25,342738,19.4131,47.1672,54.1672,26.58888125,43.760060981758,12.4131,NA,3,2022,Ukrainian Asylum-seekers/applications cumulative,5460,2,1,0,FALSE,0,#3c8dbc
5,Romania,10782,Country,2022-03-25,269046,25.3,45.8667,52.8667,32.3,38.8667,18.3,NA,3,2022,Ukrainian Asylum-seekers/applications cumulative,5460,2,1,0,FALSE,0,#3c8dbc
6,Slovakia,10785,Country,2022-03-25,267702,19.4864,48.7062,55.7062,26.4864,41.7062,12.4864,NA,3,2022,Ukrainian Asylum-seekers/applications cumulative,5460,2,1,0,FALSE,0,#3c8dbc
1,Poland,10781,Country,2022-03-26,2267103,19.4013,52.1224,55.469505777204,26.4013,48.02154911827,12.4013,NA,3,2022,Ukrainian Asylum-seekers/applications cumulative,5460,2,1,0,TRUE,0,#3c8dbc
2,Republic of Moldova,10784,Country,2022-03-26,381395,28.4646,47.1976,49.019638429728,31.685303125,45.044273452589,25.068115625,NA,3,2022,Ukrainian Asylum-seekers/applications cumulative,5460,2,1,0,TRUE,0,#3c8dbc
3,Hungary,10783,Country,2022-03-26,349107,19.4131,47.1672,54.1672,26.58888125,43.760060981758,12.4131,NA,3,2022,Ukrainian Asylum-seekers/applications cumulative,5460,2,1,0,FALSE,0,#3c8dbc
4,Romania,10782,Country,2022-03-26,273837,25.3,45.8667,52.8667,32.3,38.8667,18.3,NA,3,2022,Ukrainian Asylum-seekers/applications cumulative,5460,2,1,0,FALSE,0,#3c8dbc
5,Slovakia,10785,Country,2022-03-26,272012,19.4864,48.7062,55.7062,26.4864,41.7062,12.4864,NA,3,2022,Ukrainian Asylum-seekers/applications cumulative,5460,2,1,0,FALSE,0,#3c8dbc
1,Poland,10781,Country,2022-03-27,2293833,19.4013,52.1224,55.469505777204,26.4013,48.02154911827,12.4013,NA,3,2022,Ukrainian Asylum-seekers/applications cumulative,5460,2,1,0,TRUE,0,#3c8dbc
2,Republic of Moldova,10784,Country,2022-03-27,383627,28.4646,47.1976,49.019638429728,31.685303125,45.044273452589,25.068115625,NA,3,2022,Ukrainian Asylum-seekers/applications cumulative,5460,2,1,0,TRUE,0,#3c8dbc
3,Hungary,10783,Country,2022-03-27,354041,19.4131,47.1672,54.1672,26.58888125,43.760060981758,12.4131,NA,3,2022,Ukrainian Asylum-seekers/applications cumulative,5460,2,1,0,FALSE,0,#3c8dbc
4,Romania,10782,Country,2022-03-27,278955,25.3,45.8667,52.8667,32.3,38.8667,18.3,NA,3,2022,Ukrainian Asylum-seekers/applications cumulative,5460,2,1,0,FALSE,0,#3c8dbc
5,Slovakia,10785,Country,2022-03-27,275439,19.4864,48.7062,55.7062,26.4864,41.7062,12.4864,NA,3,2022,Ukrainian Asylum-seekers/applications cumulative,5460,2,1,0,FALSE,0,#3c8dbc
7,Belarus,10786,Country,2022-03-27,9075,28.0463,53.5384,57.838933546403,33.727940625,48.496893952144,21.0463,NA,3,2022,Ukrainian Asylum-seekers/applications cumulative,5460,2,1,0,FALSE,0,#3c8dbc
1,Poland,10781,Country,2022-03-28,2314623,19.4013,52.1224,55.469505777204,26.4013,48.02154911827,12.4013,NA,3,2022,Ukrainian Asylum-seekers/applications cumulative,5460,2,1,0,TRUE,0,#3c8dbc
2,Republic of Moldova,10784,Country,2022-03-28,385222,28.4646,47.1976,49.019638429728,31.685303125,45.044273452589,25.068115625,NA,3,2022,Ukrainian Asylum-seekers/applications cumulative,5460,2,1,0,TRUE,0,#3c8dbc
3,Hungary,10783,Country,2022-03-28,359197,19.4131,47.1672,54.1672,26.58888125,43.760060981758,12.4131,NA,3,2022,Ukrainian Asylum-seekers/applications cumulative,5460,2,1,0,FALSE,0,#3c8dbc
4,Romania,10782,Country,2022-03-28,283304,25.3,45.8667,52.8667,32.3,38.8667,18.3,NA,3,2022,Ukrainian Asylum-seekers/applications cumulative,5460,2,1,0,FALSE,0,#3c8dbc
5,Slovakia,10785,Country,2022-03-28,278238,19.4864,48.7062,55.7062,26.4864,41.7062,12.4864,NA,3,2022,Ukrainian Asylum-seekers/applications cumulative,5460,2,1,0,FALSE,0,#3c8dbc
7,Belarus,10786,Country,2022-03-28,9875,28.0463,53.5384,57.838933546403,33.727940625,48.496893952144,21.0463,NA,3,2022,Ukrainian Asylum-seekers/applications cumulative,5460,2,1,0,FALSE,0,#3c8dbc
1,Poland,10781,Country,2022-03-29,2336799,19.4013,52.1224,55.469505777204,26.4013,48.02154911827,12.4013,NA,3,2022,Ukrainian Asylum-seekers/applications cumulative,5460,2,1,0,TRUE,0,#3c8dbc
2,Republic of Moldova,10784,Country,2022-03-29,387151,28.4646,47.1976,49.019638429728,31.685303125,45.044273452589,25.068115625,NA,3,2022,Ukrainian Asylum-seekers/applications cumulative,5460,2,1,0,TRUE,0,#3c8dbc
3,Hungary,10783,Country,2022-03-29,364804,19.4131,47.1672,54.1672,26.58888125,43.760060981758,12.4131,NA,3,2022,Ukrainian Asylum-seekers/applications cumulative,5460,2,1,0,FALSE,0,#3c8dbc
4,Russian Federation,10791,Country,2022-03-29,350632,38.1556078125,51.488850139616,59.067055102908,36.958297741264,54.998769388622,31.669526312692,NA,3,2022,Ukrainian Asylum-seekers/applications cumulative,5460,2,1,0,FALSE,0,#3c8dbc
5,Romania,10782,Country,2022-03-29,287827,25.3,45.8667,52.8667,32.3,38.8667,18.3,NA,3,2022,Ukrainian Asylum-seekers/applications cumulative,5460,2,1,0,FALSE,0,#3c8dbc
6,Slovakia,10785,Country,2022-03-29,281172,19.4864,48.7062,55.7062,26.4864,41.7062,12.4864,NA,3,2022,Ukrainian Asylum-seekers/applications cumulative,5460,2,1,0,FALSE,0,#3c8dbc
7,Belarus,10786,Country,2022-03-29,10902,28.0463,53.5384,57.838933546403,33.727940625,48.496893952144,21.0463,NA,3,2022,Ukrainian Asylum-seekers/applications cumulative,5460,2,1,0,FALSE,0,#3c8dbc
1,Poland,10781,Country,2022-03-30,2362044,19.4013,52.1224,55.469505777204,26.4013,48.02154911827,12.4013,NA,3,2022,Ukrainian Asylum-seekers/applications cumulative,5460,2,1,0,TRUE,0,#3c8dbc
2,Republic of Moldova,10784,Country,2022-03-30,388837,28.4646,47.1976,49.019638429728,31.685303125,45.044273452589,25.068115625,NA,3,2022,Ukrainian Asylum-seekers/applications cumulative,5460,2,1,0,TRUE,0,#3c8dbc
3,Hungary,10783,Country,2022-03-30,368807,19.4131,47.1672,54.1672,26.58888125,43.760060981758,12.4131,NA,3,2022,Ukrainian Asylum-seekers/applications cumulative,5460,2,1,0,FALSE,0,#3c8dbc
5,Romania,10782,Country,2022-03-30,293140,25.3,45.8667,52.8667,32.3,38.8667,18.3,NA,3,2022,Ukrainian Asylum-seekers/applications cumulative,5460,2,1,0,FALSE,0,#3c8dbc
6,Slovakia,10785,Country,2022-03-30,283824,19.4864,48.7062,55.7062,26.4864,41.7062,12.4864,NA,3,2022,Ukrainian Asylum-seekers/applications cumulative,5460,2,1,0,FALSE,0,#3c8dbc
7,Belarus,10786,Country,2022-03-30,11821,28.0463,53.5384,57.838933546403,33.727940625,48.496893952144,21.0463,NA,3,2022,Ukrainian Asylum-seekers/applications cumulative,5460,2,1,0,FALSE,0,#3c8dbc
1,Poland,10781,Country,2022-03-31,2384814,19.4013,52.1224,55.469505777204,26.4013,48.02154911827,12.4013,NA,3,2022,Ukrainian Asylum-seekers/applications cumulative,5460,2,1,0,TRUE,0,#3c8dbc
2,Republic of Moldova,10784,Country,2022-03-31,390187,28.4646,47.1976,49.019638429728,31.685303125,45.044273452589,25.068115625,NA,3,2022,Ukrainian Asylum-seekers/applications cumulative,5460,2,1,0,TRUE,0,#3c8dbc
3,Hungary,10783,Country,2022-03-31,374535,19.4131,47.1672,54.1672,26.58888125,43.760060981758,12.4131,NA,3,2022,Ukrainian Asylum-seekers/applications cumulative,5460,2,1,0,FALSE,0,#3c8dbc
5,Romania,10782,Country,2022-03-31,297923,25.3,45.8667,52.8667,32.3,38.8667,18.3,NA,3,2022,Ukrainian Asylum-seekers/applications cumulative,5460,2,1,0,FALSE,0,#3c8dbc
6,Slovakia,10785,Country,2022-03-31,292039,19.4864,48.7062,55.7062,26.4864,41.7062,12.4864,NA,3,2022,Ukrainian Asylum-seekers/applications cumulative,5460,2,1,0,FALSE,0,#3c8dbc
7,Belarus,10786,Country,2022-03-31,12746,28.0463,53.5384,57.838933546403,33.727940625,48.496893952144,21.0463,NA,3,2022,Ukrainian Asylum-seekers/applications cumulative,5460,2,1,0,FALSE,0,#3c8dbc
1,Poland,10781,Country,2022-04-01,2405703,19.4013,52.1224,55.469505777204,26.4013,48.02154911827,12.4013,NA,4,2022,Ukrainian Asylum-seekers/applications cumulative,5460,2,1,0,TRUE,0,#3c8dbc
2,Republic of Moldova,10784,Country,2022-04-01,391592,28.4646,47.1976,49.019638429728,31.685303125,45.044273452589,25.068115625,NA,4,2022,Ukrainian Asylum-seekers/applications cumulative,5460,2,1,0,TRUE,0,#3c8dbc
3,Hungary,10783,Country,2022-04-01,379988,19.4131,47.1672,54.1672,26.58888125,43.760060981758,12.4131,NA,4,2022,Ukrainian Asylum-seekers/applications cumulative,5460,2,1,0,FALSE,0,#3c8dbc
5,Romania,10782,Country,2022-04-01,302296,25.3,45.8667,52.8667,32.3,38.8667,18.3,NA,4,2022,Ukrainian Asylum-seekers/applications cumulative,5460,2,1,0,FALSE,0,#3c8dbc
6,Slovakia,10785,Country,2022-04-01,294885,19.4864,48.7062,55.7062,26.4864,41.7062,12.4864,NA,4,2022,Ukrainian Asylum-seekers/applications cumulative,5460,2,1,0,FALSE,0,#3c8dbc
1,Poland,10781,Country,2022-04-02,2429265,19.4013,52.1224,55.469505777204,26.4013,48.02154911827,12.4013,NA,4,2022,Ukrainian Asylum-seekers/applications cumulative,5460,2,1,0,TRUE,0,#3c8dbc
2,Republic of Moldova,10784,Country,2022-04-02,392933,28.4646,47.1976,49.019638429728,31.685303125,45.044273452589,25.068115625,NA,4,2022,Ukrainian Asylum-seekers/applications cumulative,5460,2,1,0,TRUE,0,#3c8dbc
3,Hungary,10783,Country,2022-04-02,385783,19.4131,47.1672,54.1672,26.58888125,43.760060981758,12.4131,NA,4,2022,Ukrainian Asylum-seekers/applications cumulative,5460,2,1,0,FALSE,0,#3c8dbc
5,Romania,10782,Country,2022-04-02,306859,25.3,45.8667,52.8667,32.3,38.8667,18.3,NA,4,2022,Ukrainian Asylum-seekers/applications cumulative,5460,2,1,0,FALSE,0,#3c8dbc
6,Slovakia,10785,Country,2022-04-02,298183,19.4864,48.7062,55.7062,26.4864,41.7062,12.4864,NA,4,2022,Ukrainian Asylum-seekers/applications cumulative,5460,2,1,0,FALSE,0,#3c8dbc
6,Slovakia,10785,Country,2022-04-03,301405,19.4864,48.7062,55.7062,26.4864,41.7062,12.4864,NA,4,2022,Ukrainian Asylum-seekers/applications cumulative,5460,2,1,0,FALSE,0,#3c8dbc
1,Poland,10781,Country,2022-04-04,2469657,19.4013,52.1224,55.469505777204,26.4013,48.02154911827,12.4013,NA,4,2022,Ukrainian Asylum-seekers/applications cumulative,5460,2,1,0,TRUE,0,#3c8dbc
2,Republic of Moldova,10784,Country,2022-04-04,396448,28.4646,47.1976,49.019638429728,31.685303125,45.044273452589,25.068115625,NA,4,2022,Ukrainian Asylum-seekers/applications cumulative,5460,2,1,0,TRUE,0,#3c8dbc
3,Hungary,10783,Country,2022-04-04,394728,19.4131,47.1672,54.1672,26.58888125,43.760060981758,12.4131,NA,4,2022,Ukrainian Asylum-seekers/applications cumulative,5460,2,1,0,FALSE,0,#3c8dbc
5,Romania,10782,Country,2022-04-04,315451,25.3,45.8667,52.8667,32.3,38.8667,18.3,NA,4,2022,Ukrainian Asylum-seekers/applications cumulative,5460,2,1,0,FALSE,0,#3c8dbc
7,Belarus,10786,Country,2022-04-04,16274,28.0463,53.5384,57.838933546403,33.727940625,48.496893952144,21.0463,NA,4,2022,Ukrainian Asylum-seekers/applications cumulative,5460,2,1,0,FALSE,0,#3c8dbc
1,Poland,10781,Country,2022-04-05,2490447,19.4013,52.1224,55.469505777204,26.4013,48.02154911827,12.4013,NA,4,2022,Ukrainian Asylum-seekers/applications cumulative,5460,2,1,0,TRUE,0,#3c8dbc
2,Republic of Moldova,10784,Country,2022-04-05,399039,28.4646,47.1976,49.019638429728,31.685303125,45.044273452589,25.068115625,NA,4,2022,Ukrainian Asylum-seekers/applications cumulative,5460,2,1,0,TRUE,0,#3c8dbc
3,Hungary,10783,Country,2022-04-05,398932,19.4131,47.1672,54.1672,26.58888125,43.760060981758,12.4131,NA,4,2022,Ukrainian Asylum-seekers/applications cumulative,5460,2,1,0,FALSE,0,#3c8dbc
5,Romania,10782,Country,2022-04-05,320005,25.3,45.8667,52.8667,32.3,38.8667,18.3,NA,4,2022,Ukrainian Asylum-seekers/applications cumulative,5460,2,1,0,FALSE,0,#3c8dbc
6,Slovakia,10785,Country,2022-04-05,302417,19.4864,48.7062,55.7062,26.4864,41.7062,12.4864,NA,4,2022,Ukrainian Asylum-seekers/applications cumulative,5460,2,1,0,FALSE,0,#3c8dbc
7,Belarus,10786,Country,2022-04-05,17317,28.0463,53.5384,57.838933546403,33.727940625,48.496893952144,21.0463,NA,4,2022,Ukrainian Asylum-seekers/applications cumulative,5460,2,1,0,FALSE,0,#3c8dbc
1,Poland,10781,Country,2022-04-06,2514504,19.4013,52.1224,55.469505777204,26.4013,48.02154911827,12.4013,NA,4,2022,Ukrainian Asylum-seekers/applications cumulative,5460,2,1,0,TRUE,0,#3c8dbc
2,Hungary,10783,Country,2022-04-06,404021,19.4131,47.1672,54.1672,26.58888125,43.760060981758,12.4131,NA,4,2022,Ukrainian Asylum-seekers/applications cumulative,5460,2,1,0,FALSE,0,#3c8dbc
3,Republic of Moldova,10784,Country,2022-04-06,401704,28.4646,47.1976,49.019638429728,31.685303125,45.044273452589,25.068115625,NA,4,2022,Ukrainian Asylum-seekers/applications cumulative,5460,2,1,0,TRUE,0,#3c8dbc
5,Romania,10782,Country,2022-04-06,325590,25.3,45.8667,52.8667,32.3,38.8667,18.3,NA,4,2022,Ukrainian Asylum-seekers/applications cumulative,5460,2,1,0,FALSE,0,#3c8dbc
6,Slovakia,10785,Country,2022-04-06,304983,19.4864,48.7062,55.7062,26.4864,41.7062,12.4864,NA,4,2022,Ukrainian Asylum-seekers/applications cumulative,5460,2,1,0,FALSE,0,#3c8dbc
7,Belarus,10786,Country,2022-04-06,18060,28.0463,53.5384,57.838933546403,33.727940625,48.496893952144,21.0463,NA,4,2022,Ukrainian Asylum-seekers/applications cumulative,5460,2,1,0,FALSE,0,#3c8dbc
1,Poland,10781,Country,2022-04-07,2537769,19.4013,52.1224,55.469505777204,26.4013,48.02154911827,12.4013,NA,4,2022,Ukrainian Asylum-seekers/applications cumulative,5460,2,1,0,TRUE,0,#3c8dbc
2,Hungary,10783,Country,2022-04-07,408652,19.4131,47.1672,54.1672,26.58888125,43.760060981758,12.4131,NA,4,2022,Ukrainian Asylum-seekers/applications cumulative,5460,2,1,0,FALSE,0,#3c8dbc
3,Republic of Moldova,10784,Country,2022-04-07,404257,28.4646,47.1976,49.019638429728,31.685303125,45.044273452589,25.068115625,NA,4,2022,Ukrainian Asylum-seekers/applications cumulative,5460,2,1,0,TRUE,0,#3c8dbc
4,Russian Federation,10791,Country,2022-04-07,373589,38.1556078125,51.488850139616,59.067055102908,36.958297741264,54.998769388622,31.669526312692,NA,4,2022,Ukrainian Asylum-seekers/applications cumulative,5460,2,1,0,FALSE,0,#3c8dbc
5,Romania,10782,Country,2022-04-07,331181,25.3,45.8667,52.8667,32.3,38.8667,18.3,NA,4,2022,Ukrainian Asylum-seekers/applications cumulative,5460,2,1,0,FALSE,0,#3c8dbc
6,Slovakia,10785,Country,2022-04-07,307772,19.4864,48.7062,55.7062,26.4864,41.7062,12.4864,NA,4,2022,Ukrainian Asylum-seekers/applications cumulative,5460,2,1,0,FALSE,0,#3c8dbc
7,Belarus,10786,Country,2022-04-07,19096,28.0463,53.5384,57.838933546403,33.727940625,48.496893952144,21.0463,NA,4,2022,Ukrainian Asylum-seekers/applications cumulative,5460,2,1,0,FALSE,0,#3c8dbc
1,Poland,10781,Country,2022-04-08,2564994,19.4013,52.1224,55.469505777204,26.4013,48.02154911827,12.4013,NA,4,2022,Ukrainian Asylum-seekers/applications cumulative,5460,2,1,0,TRUE,0,#3c8dbc
2,Hungary,10783,Country,2022-04-08,413888,19.4131,47.1672,54.1672,26.58888125,43.760060981758,12.4131,NA,4,2022,Ukrainian Asylum-seekers/applications cumulative,5460,2,1,0,FALSE,0,#3c8dbc
3,Republic of Moldova,10784,Country,2022-04-08,406611,28.4646,47.1976,49.019638429728,31.685303125,45.044273452589,25.068115625,NA,4,2022,Ukrainian Asylum-seekers/applications cumulative,5460,2,1,0,TRUE,0,#3c8dbc
4,Russian Federation,10791,Country,2022-04-08,389845,38.1556078125,51.488850139616,59.067055102908,36.958297741264,54.998769388622,31.669526312692,NA,4,2022,Ukrainian Asylum-seekers/applications cumulative,5460,2,1,0,FALSE,0,#3c8dbc
5,Romania,10782,Country,2022-04-08,336240,25.3,45.8667,52.8667,32.3,38.8667,18.3,NA,4,2022,Ukrainian Asylum-seekers/applications cumulative,5460,2,1,0,FALSE,0,#3c8dbc
6,Slovakia,10785,Country,2022-04-08,310989,19.4864,48.7062,55.7062,26.4864,41.7062,12.4864,NA,4,2022,Ukrainian Asylum-seekers/applications cumulative,5460,2,1,0,FALSE,0,#3c8dbc
1,Poland,10781,Country,2022-04-09,2593902,19.4013,52.1224,55.469505777204,26.4013,48.02154911827,12.4013,NA,4,2022,Ukrainian Asylum-seekers/applications cumulative,5460,2,1,0,TRUE,0,#3c8dbc
2,Hungary,10783,Country,2022-04-09,419101,19.4131,47.1672,54.1672,26.58888125,43.760060981758,12.4131,NA,4,2022,Ukrainian Asylum-seekers/applications cumulative,5460,2,1,0,FALSE,0,#3c8dbc
3,Republic of Moldova,10784,Country,2022-04-09,410882,28.4646,47.1976,49.019638429728,31.685303125,45.044273452589,25.068115625,NA,4,2022,Ukrainian Asylum-seekers/applications cumulative,5460,2,1,0,TRUE,0,#3c8dbc
4,Russian Federation,10791,Country,2022-04-09,404418,38.1556078125,51.488850139616,59.067055102908,36.958297741264,54.998769388622,31.669526312692,NA,4,2022,Ukrainian Asylum-seekers/applications cumulative,5460,2,1,0,FALSE,0,#3c8dbc
5,Romania,10782,Country,2022-04-09,342070,25.3,45.8667,52.8667,32.3,38.8667,18.3,NA,4,2022,Ukrainian Asylum-seekers/applications cumulative,5460,2,1,0,FALSE,0,#3c8dbc
6,Slovakia,10785,Country,2022-04-09,314485,19.4864,48.7062,55.7062,26.4864,41.7062,12.4864,NA,4,2022,Ukrainian Asylum-seekers/applications cumulative,5460,2,1,0,FALSE,0,#3c8dbc
1,Poland,10781,Country,2022-04-10,2622117,19.4013,52.1224,55.469505777204,26.4013,48.02154911827,12.4013,NA,4,2022,Ukrainian Asylum-seekers/applications cumulative,5460,2,1,0,TRUE,0,#3c8dbc
2,Hungary,10783,Country,2022-04-10,424367,19.4131,47.1672,54.1672,26.58888125,43.760060981758,12.4131,NA,4,2022,Ukrainian Asylum-seekers/applications cumulative,5460,2,1,0,FALSE,0,#3c8dbc
3,Republic of Moldova,10784,Country,2022-04-10,411365,28.4646,47.1976,49.019638429728,31.685303125,45.044273452589,25.068115625,NA,4,2022,Ukrainian Asylum-seekers/applications cumulative,5460,2,1,0,TRUE,0,#3c8dbc
5,Romania,10782,Country,2022-04-10,346948,25.3,45.8667,52.8667,32.3,38.8667,18.3,NA,4,2022,Ukrainian Asylum-seekers/applications cumulative,5460,2,1,0,FALSE,0,#3c8dbc
6,Slovakia,10785,Country,2022-04-10,317781,19.4864,48.7062,55.7062,26.4864,41.7062,12.4864,NA,4,2022,Ukrainian Asylum-seekers/applications cumulative,5460,2,1,0,FALSE,0,#3c8dbc
7,Belarus,10786,Country,2022-04-10,20739,28.0463,53.5384,57.838933546403,33.727940625,48.496893952144,21.0463,NA,4,2022,Ukrainian Asylum-seekers/applications cumulative,5460,2,1,0,FALSE,0,#3c8dbc
1,Poland,10781,Country,2022-04-11,2645877,19.4013,52.1224,55.469505777204,26.4013,48.02154911827,12.4013,NA,4,2022,Ukrainian Asylum-seekers/applications cumulative,5460,2,1,0,TRUE,0,#3c8dbc
2,Russian Federation,10791,Country,2022-04-11,433083,38.1556078125,51.488850139616,59.067055102908,36.958297741264,54.998769388622,31.669526312692,NA,4,2022,Ukrainian Asylum-seekers/applications cumulative,5460,2,1,0,FALSE,0,#3c8dbc
3,Hungary,10783,Country,2022-04-11,428954,19.4131,47.1672,54.1672,26.58888125,43.760060981758,12.4131,NA,4,2022,Ukrainian Asylum-seekers/applications cumulative,5460,2,1,0,FALSE,0,#3c8dbc
4,Republic of Moldova,10784,Country,2022-04-11,413374,28.4646,47.1976,49.019638429728,31.685303125,45.044273452589,25.068115625,NA,4,2022,Ukrainian Asylum-seekers/applications cumulative,5460,2,1,0,TRUE,0,#3c8dbc
5,Romania,10782,Country,2022-04-11,353004,25.3,45.8667,52.8667,32.3,38.8667,18.3,NA,4,2022,Ukrainian Asylum-seekers/applications cumulative,5460,2,1,0,FALSE,0,#3c8dbc
6,Slovakia,10785,Country,2022-04-11,320246,19.4864,48.7062,55.7062,26.4864,41.7062,12.4864,NA,4,2022,Ukrainian Asylum-seekers/applications cumulative,5460,2,1,0,FALSE,0,#3c8dbc
7,Belarus,10786,Country,2022-04-11,21292,28.0463,53.5384,57.838933546403,33.727940625,48.496893952144,21.0463,NA,4,2022,Ukrainian Asylum-seekers/applications cumulative,5460,2,1,0,FALSE,0,#3c8dbc
1,Poland,10781,Country,2022-04-12,2669637,19.4013,52.1224,55.469505777204,26.4013,48.02154911827,12.4013,NA,4,2022,Ukrainian Asylum-seekers/applications cumulative,5460,2,1,0,TRUE,0,#3c8dbc
2,Hungary,10783,Country,2022-04-12,434342,19.4131,47.1672,54.1672,26.58888125,43.760060981758,12.4131,NA,4,2022,Ukrainian Asylum-seekers/applications cumulative,5460,2,1,0,FALSE,0,#3c8dbc
4,Republic of Moldova,10784,Country,2022-04-12,415850,28.4646,47.1976,49.019638429728,31.685303125,45.044273452589,25.068115625,NA,4,2022,Ukrainian Asylum-seekers/applications cumulative,5460,2,1,0,TRUE,0,#3c8dbc
5,Romania,10782,Country,2022-04-12,358725,25.3,45.8667,52.8667,32.3,38.8667,18.3,NA,4,2022,Ukrainian Asylum-seekers/applications cumulative,5460,2,1,0,FALSE,0,#3c8dbc
6,Slovakia,10785,Country,2022-04-12,323020,19.4864,48.7062,55.7062,26.4864,41.7062,12.4864,NA,4,2022,Ukrainian Asylum-seekers/applications cumulative,5460,2,1,0,FALSE,0,#3c8dbc
7,Belarus,10786,Country,2022-04-12,21852,28.0463,53.5384,57.838933546403,33.727940625,48.496893952144,21.0463,NA,4,2022,Ukrainian Asylum-seekers/applications cumulative,5460,2,1,0,FALSE,0,#3c8dbc
1,Poland,10781,Country,2022-04-13,2694090,19.4013,52.1224,55.469505777204,26.4013,48.02154911827,12.4013,NA,4,2022,Ukrainian Asylum-seekers/applications cumulative,5460,2,1,0,TRUE,0,#3c8dbc
2,Russian Federation,10791,Country,2022-04-13,471014,38.1556078125,51.488850139616,59.067055102908,36.958297741264,54.998769388622,31.669526312692,NA,4,2022,Ukrainian Asylum-seekers/applications cumulative,5460,2,1,0,FALSE,0,#3c8dbc
3,Hungary,10783,Country,2022-04-13,440387,19.4131,47.1672,54.1672,26.58888125,43.760060981758,12.4131,NA,4,2022,Ukrainian Asylum-seekers/applications cumulative,5460,2,1,0,FALSE,0,#3c8dbc
4,Republic of Moldova,10784,Country,2022-04-13,417650,28.4646,47.1976,49.019638429728,31.685303125,45.044273452589,25.068115625,NA,4,2022,Ukrainian Asylum-seekers/applications cumulative,5460,2,1,0,TRUE,0,#3c8dbc
5,Romania,10782,Country,2022-04-13,364658,25.3,45.8667,52.8667,32.3,38.8667,18.3,NA,4,2022,Ukrainian Asylum-seekers/applications cumulative,5460,2,1,0,FALSE,0,#3c8dbc
6,Slovakia,10785,Country,2022-04-13,326244,19.4864,48.7062,55.7062,26.4864,41.7062,12.4864,NA,4,2022,Ukrainian Asylum-seekers/applications cumulative,5460,2,1,0,FALSE,0,#3c8dbc
7,Belarus,10786,Country,2022-04-13,22428,28.0463,53.5384,57.838933546403,33.727940625,48.496893952144,21.0463,NA,4,2022,Ukrainian Asylum-seekers/applications cumulative,5460,2,1,0,FALSE,0,#3c8dbc
1,Poland,10781,Country,2022-04-14,2720622,19.4013,52.1224,55.469505777204,26.4013,48.02154911827,12.4013,NA,4,2022,Ukrainian Asylum-seekers/applications cumulative,5460,2,1,0,TRUE,0,#3c8dbc
2,Russian Federation,10791,Country,2022-04-14,484725,38.1556078125,51.488850139616,59.067055102908,36.958297741264,54.998769388622,31.669526312692,NA,4,2022,Ukrainian Asylum-seekers/applications cumulative,5460,2,1,0,FALSE,0,#3c8dbc
3,Hungary,10783,Country,2022-04-14,447053,19.4131,47.1672,54.1672,26.58888125,43.760060981758,12.4131,NA,4,2022,Ukrainian Asylum-seekers/applications cumulative,5460,2,1,0,FALSE,0,#3c8dbc
4,Republic of Moldova,10784,Country,2022-04-14,419499,28.4646,47.1976,49.019638429728,31.685303125,45.044273452589,25.068115625,NA,4,2022,Ukrainian Asylum-seekers/applications cumulative,5460,2,1,0,TRUE,0,#3c8dbc
5,Romania,10782,Country,2022-04-14,371922,25.3,45.8667,52.8667,32.3,38.8667,18.3,NA,4,2022,Ukrainian Asylum-seekers/applications cumulative,5460,2,1,0,FALSE,0,#3c8dbc
6,Slovakia,10785,Country,2022-04-14,329597,19.4864,48.7062,55.7062,26.4864,41.7062,12.4864,NA,4,2022,Ukrainian Asylum-seekers/applications cumulative,5460,2,1,0,FALSE,0,#3c8dbc
7,Belarus,10786,Country,2022-04-14,22827,28.0463,53.5384,57.838933546403,33.727940625,48.496893952144,21.0463,NA,4,2022,Ukrainian Asylum-seekers/applications cumulative,5460,2,1,0,FALSE,0,#3c8dbc
1,Poland,10781,Country,2022-04-16,2763786,19.4013,52.1224,55.469505777204,26.4013,48.02154911827,12.4013,NA,4,2022,Ukrainian Asylum-seekers/applications cumulative,5460,2,1,0,TRUE,0,#3c8dbc
3,Hungary,10783,Country,2022-04-16,458654,19.4131,47.1672,54.1672,26.58888125,43.760060981758,12.4131,NA,4,2022,Ukrainian Asylum-seekers/applications cumulative,5460,2,1,0,FALSE,0,#3c8dbc
4,Republic of Moldova,10784,Country,2022-04-16,422550,28.4646,47.1976,49.019638429728,31.685303125,45.044273452589,25.068115625,NA,4,2022,Ukrainian Asylum-seekers/applications cumulative,5460,2,1,0,TRUE,0,#3c8dbc
5,Romania,10782,Country,2022-04-16,381234,25.3,45.8667,52.8667,32.3,38.8667,18.3,NA,4,2022,Ukrainian Asylum-seekers/applications cumulative,5460,2,1,0,FALSE,0,#3c8dbc
6,Slovakia,10785,Country,2022-04-16,335243,19.4864,48.7062,55.7062,26.4864,41.7062,12.4864,NA,4,2022,Ukrainian Asylum-seekers/applications cumulative,5460,2,1,0,FALSE,0,#3c8dbc
1,Poland,10781,Country,2022-04-17,2780913,19.4013,52.1224,55.469505777204,26.4013,48.02154911827,12.4013,NA,4,2022,Ukrainian Asylum-seekers/applications cumulative,5460,2,1,0,TRUE,0,#3c8dbc
2,Russian Federation,10791,Country,2022-04-17,522404,38.1556078125,51.488850139616,59.067055102908,36.958297741264,54.998769388622,31.669526312692,NA,4,2022,Ukrainian Asylum-seekers/applications cumulative,5460,2,1,0,FALSE,0,#3c8dbc
3,Hungary,10783,Country,2022-04-17,461539,19.4131,47.1672,54.1672,26.58888125,43.760060981758,12.4131,NA,4,2022,Ukrainian Asylum-seekers/applications cumulative,5460,2,1,0,FALSE,0,#3c8dbc
4,Republic of Moldova,10784,Country,2022-04-17,423852,28.4646,47.1976,49.019638429728,31.685303125,45.044273452589,25.068115625,NA,4,2022,Ukrainian Asylum-seekers/applications cumulative,5460,2,1,0,TRUE,0,#3c8dbc
5,Romania,10782,Country,2022-04-17,384927,25.3,45.8667,52.8667,32.3,38.8667,18.3,NA,4,2022,Ukrainian Asylum-seekers/applications cumulative,5460,2,1,0,FALSE,0,#3c8dbc
6,Slovakia,10785,Country,2022-04-17,337311,19.4864,48.7062,55.7062,26.4864,41.7062,12.4864,NA,4,2022,Ukrainian Asylum-seekers/applications cumulative,5460,2,1,0,FALSE,0,#3c8dbc
7,Belarus,10786,Country,2022-04-17,23469,28.0463,53.5384,57.838933546403,33.727940625,48.496893952144,21.0463,NA,4,2022,Ukrainian Asylum-seekers/applications cumulative,5460,2,1,0,FALSE,0,#3c8dbc
1,Poland,10781,Country,2022-04-18,2800713,19.4013,52.1224,55.469505777204,26.4013,48.02154911827,12.4013,NA,4,2022,Ukrainian Asylum-seekers/applications cumulative,5460,2,1,0,TRUE,0,#3c8dbc
2,Russian Federation,10791,Country,2022-04-18,535842,38.1556078125,51.488850139616,59.067055102908,36.958297741264,54.998769388622,31.669526312692,NA,4,2022,Ukrainian Asylum-seekers/applications cumulative,5460,2,1,0,FALSE,0,#3c8dbc
3,Hungary,10783,Country,2022-04-18,465598,19.4131,47.1672,54.1672,26.58888125,43.760060981758,12.4131,NA,4,2022,Ukrainian Asylum-seekers/applications cumulative,5460,2,1,0,FALSE,0,#3c8dbc
4,Republic of Moldova,10784,Country,2022-04-18,425227,28.4646,47.1976,49.019638429728,31.685303125,45.044273452589,25.068115625,NA,4,2022,Ukrainian Asylum-seekers/applications cumulative,5460,2,1,0,TRUE,0,#3c8dbc
5,Romania,10782,Country,2022-04-18,389920,25.3,45.8667,52.8667,32.3,38.8667,18.3,NA,4,2022,Ukrainian Asylum-seekers/applications cumulative,5460,2,1,0,FALSE,0,#3c8dbc
6,Slovakia,10785,Country,2022-04-18,339680,19.4864,48.7062,55.7062,26.4864,41.7062,12.4864,NA,4,2022,Ukrainian Asylum-seekers/applications cumulative,5460,2,1,0,FALSE,0,#3c8dbc
7,Belarus,10786,Country,2022-04-18,23609,28.0463,53.5384,57.838933546403,33.727940625,48.496893952144,21.0463,NA,4,2022,Ukrainian Asylum-seekers/applications cumulative,5460,2,1,0,FALSE,0,#3c8dbc
1,Poland,10781,Country,2022-04-19,2825463,19.4013,52.1224,55.469505777204,26.4013,48.02154911827,12.4013,NA,4,2022,Ukrainian Asylum-seekers/applications cumulative,5460,2,1,0,TRUE,0,#3c8dbc
2,Russian Federation,10791,Country,2022-04-19,549805,38.1556078125,51.488850139616,59.067055102908,36.958297741264,54.998769388622,31.669526312692,NA,4,2022,Ukrainian Asylum-seekers/applications cumulative,5460,2,1,0,FALSE,0,#3c8dbc
3,Hungary,10783,Country,2022-04-19,471080,19.4131,47.1672,54.1672,26.58888125,43.760060981758,12.4131,NA,4,2022,Ukrainian Asylum-seekers/applications cumulative,5460,2,1,0,FALSE,0,#3c8dbc
4,Republic of Moldova,10784,Country,2022-04-19,426964,28.4646,47.1976,49.019638429728,31.685303125,45.044273452589,25.068115625,NA,4,2022,Ukrainian Asylum-seekers/applications cumulative,5460,2,1,0,TRUE,0,#3c8dbc
5,Romania,10782,Country,2022-04-19,394555,25.3,45.8667,52.8667,32.3,38.8667,18.3,NA,4,2022,Ukrainian Asylum-seekers/applications cumulative,5460,2,1,0,FALSE,0,#3c8dbc
6,Slovakia,10785,Country,2022-04-19,342813,19.4864,48.7062,55.7062,26.4864,41.7062,12.4864,NA,4,2022,Ukrainian Asylum-seekers/applications cumulative,5460,2,1,0,FALSE,0,#3c8dbc
7,Belarus,10786,Country,2022-04-19,23759,28.0463,53.5384,57.838933546403,33.727940625,48.496893952144,21.0463,NA,4,2022,Ukrainian Asylum-seekers/applications cumulative,5460,2,1,0,FALSE,0,#3c8dbc
1,Poland,10781,Country,2022-04-20,2847540,19.4013,52.1224,55.469505777204,26.4013,48.02154911827,12.4013,NA,4,2022,Ukrainian Asylum-seekers/applications cumulative,5460,2,1,0,TRUE,0,#3c8dbc
2,Russian Federation,10791,Country,2022-04-20,563266,38.1556078125,51.488850139616,59.067055102908,36.958297741264,54.998769388622,31.669526312692,NA,4,2022,Ukrainian Asylum-seekers/applications cumulative,5460,2,1,0,FALSE,0,#3c8dbc
3,Hungary,10783,Country,2022-04-20,476213,19.4131,47.1672,54.1672,26.58888125,43.760060981758,12.4131,NA,4,2022,Ukrainian Asylum-seekers/applications cumulative,5460,2,1,0,FALSE,0,#3c8dbc
4,Republic of Moldova,10784,Country,2022-04-20,428577,28.4646,47.1976,49.019638429728,31.685303125,45.044273452589,25.068115625,NA,4,2022,Ukrainian Asylum-seekers/applications cumulative,5460,2,1,0,TRUE,0,#3c8dbc
5,Romania,10782,Country,2022-04-20,399689,25.3,45.8667,52.8667,32.3,38.8667,18.3,NA,4,2022,Ukrainian Asylum-seekers/applications cumulative,5460,2,1,0,FALSE,0,#3c8dbc
6,Slovakia,10785,Country,2022-04-20,346175,19.4864,48.7062,55.7062,26.4864,41.7062,12.4864,NA,4,2022,Ukrainian Asylum-seekers/applications cumulative,5460,2,1,0,FALSE,0,#3c8dbc
7,Belarus,10786,Country,2022-04-20,23900,28.0463,53.5384,57.838933546403,33.727940625,48.496893952144,21.0463,NA,4,2022,Ukrainian Asylum-seekers/applications cumulative,5460,2,1,0,FALSE,0,#3c8dbc
1,Poland,10781,Country,2022-04-21,2867241,19.4013,52.1224,55.469505777204,26.4013,48.02154911827,12.4013,NA,4,2022,Ukrainian Asylum-seekers/applications cumulative,5460,2,1,0,TRUE,0,#3c8dbc
2,Russian Federation,10791,Country,2022-04-21,578255,38.1556078125,51.488850139616,59.067055102908,36.958297741264,54.998769388622,31.669526312692,NA,4,2022,Ukrainian Asylum-seekers/applications cumulative,5460,2,1,0,FALSE,0,#3c8dbc
3,Hungary,10783,Country,2022-04-21,480974,19.4131,47.1672,54.1672,26.58888125,43.760060981758,12.4131,NA,4,2022,Ukrainian Asylum-seekers/applications cumulative,5460,2,1,0,FALSE,0,#3c8dbc
4,Republic of Moldova,10784,Country,2022-04-21,430170,28.4646,47.1976,49.019638429728,31.685303125,45.044273452589,25.068115625,NA,4,2022,Ukrainian Asylum-seekers/applications cumulative,5460,2,1,0,TRUE,0,#3c8dbc
5,Romania,10782,Country,2022-04-21,403921,25.3,45.8667,52.8667,32.3,38.8667,18.3,NA,4,2022,Ukrainian Asylum-seekers/applications cumulative,5460,2,1,0,FALSE,0,#3c8dbc
6,Slovakia,10785,Country,2022-04-21,349286,19.4864,48.7062,55.7062,26.4864,41.7062,12.4864,NA,4,2022,Ukrainian Asylum-seekers/applications cumulative,5460,2,1,0,FALSE,0,#3c8dbc
7,Belarus,10786,Country,2022-04-21,24084,28.0463,53.5384,57.838933546403,33.727940625,48.496893952144,21.0463,NA,4,2022,Ukrainian Asylum-seekers/applications cumulative,5460,2,1,0,FALSE,0,#3c8dbc
1,Poland,10781,Country,2022-04-22,2884764,19.4013,52.1224,55.469505777204,26.4013,48.02154911827,12.4013,NA,4,2022,Ukrainian Asylum-seekers/applications cumulative,5460,2,1,0,TRUE,0,#3c8dbc
3,Hungary,10783,Country,2022-04-22,485618,19.4131,47.1672,54.1672,26.58888125,43.760060981758,12.4131,NA,4,2022,Ukrainian Asylum-seekers/applications cumulative,5460,2,1,0,FALSE,0,#3c8dbc
4,Republic of Moldova,10784,Country,2022-04-22,431468,28.4646,47.1976,49.019638429728,31.685303125,45.044273452589,25.068115625,NA,4,2022,Ukrainian Asylum-seekers/applications cumulative,5460,2,1,0,TRUE,0,#3c8dbc
5,Romania,10782,Country,2022-04-22,407395,25.3,45.8667,52.8667,32.3,38.8667,18.3,NA,4,2022,Ukrainian Asylum-seekers/applications cumulative,5460,2,1,0,FALSE,0,#3c8dbc
6,Slovakia,10785,Country,2022-04-22,352286,19.4864,48.7062,55.7062,26.4864,41.7062,12.4864,NA,4,2022,Ukrainian Asylum-seekers/applications cumulative,5460,2,1,0,FALSE,0,#3c8dbc
1,Poland,10781,Country,2022-04-23,2899713,19.4013,52.1224,55.469505777204,26.4013,48.02154911827,12.4013,NA,4,2022,Ukrainian Asylum-seekers/applications cumulative,5460,2,1,0,TRUE,0,#3c8dbc
3,Hungary,10783,Country,2022-04-23,489754,19.4131,47.1672,54.1672,26.58888125,43.760060981758,12.4131,NA,4,2022,Ukrainian Asylum-seekers/applications cumulative,5460,2,1,0,FALSE,0,#3c8dbc
4,Republic of Moldova,10784,Country,2022-04-23,433214,28.4646,47.1976,49.019638429728,31.685303125,45.044273452589,25.068115625,NA,4,2022,Ukrainian Asylum-seekers/applications cumulative,5460,2,1,0,TRUE,0,#3c8dbc
6,Slovakia,10785,Country,2022-04-23,354329,19.4864,48.7062,55.7062,26.4864,41.7062,12.4864,NA,4,2022,Ukrainian Asylum-seekers/applications cumulative,5460,2,1,0,FALSE,0,#3c8dbc
1,Poland,10781,Country,2022-04-27,2968716,19.4013,52.1224,55.469505777204,26.4013,48.02154911827,12.4013,NA,4,2022,Ukrainian Asylum-seekers/applications cumulative,5460,2,1,0,TRUE,0,#3c8dbc
2,Russian Federation,10791,Country,2022-04-27,641752,38.1556078125,51.488850139616,59.067055102908,36.958297741264,54.998769388622,31.669526312692,NA,4,2022,Ukrainian Asylum-seekers/applications cumulative,5460,2,1,0,FALSE,0,#3c8dbc
3,Hungary,10783,Country,2022-04-27,507849,19.4131,47.1672,54.1672,26.58888125,43.760060981758,12.4131,NA,4,2022,Ukrainian Asylum-seekers/applications cumulative,5460,2,1,0,TRUE,0,#3c8dbc
4,Republic of Moldova,10784,Country,2022-04-27,439290,28.4646,47.1976,49.019638429728,31.685303125,45.044273452589,25.068115625,NA,4,2022,Ukrainian Asylum-seekers/applications cumulative,5460,2,1,0,TRUE,0,#3c8dbc
5,Romania,10782,Country,2022-04-27,426450,25.3,45.8667,52.8667,32.3,38.8667,18.3,NA,4,2022,Ukrainian Asylum-seekers/applications cumulative,5460,2,1,0,FALSE,0,#3c8dbc
6,Slovakia,10785,Country,2022-04-27,363940,19.4864,48.7062,55.7062,26.4864,41.7062,12.4864,NA,4,2022,Ukrainian Asylum-seekers/applications cumulative,5460,2,1,0,FALSE,0,#3c8dbc
7,Belarus,10786,Country,2022-04-27,24857,28.0463,53.5384,57.838933546403,33.727940625,48.496893952144,21.0463,NA,4,2022,Ukrainian Asylum-seekers/applications cumulative,5460,2,1,0,FALSE,0,#3c8dbc
1,Poland,10781,Country,2022-04-28,2992575,19.4013,52.1224,55.469505777204,26.4013,48.02154911827,12.4013,NA,4,2022,Ukrainian Asylum-seekers/applications cumulative,5460,2,1,0,TRUE,0,#3c8dbc
2,Russian Federation,10791,Country,2022-04-28,656381,38.1556078125,51.488850139616,59.067055102908,36.958297741264,54.998769388622,31.669526312692,NA,4,2022,Ukrainian Asylum-seekers/applications cumulative,5460,2,1,0,FALSE,0,#3c8dbc
3,Hungary,10783,Country,2022-04-28,513848,19.4131,47.1672,54.1672,26.58888125,43.760060981758,12.4131,NA,4,2022,Ukrainian Asylum-seekers/applications cumulative,5460,2,1,0,TRUE,0,#3c8dbc
4,Republic of Moldova,10784,Country,2022-04-28,441437,28.4646,47.1976,49.019638429728,31.685303125,45.044273452589,25.068115625,NA,4,2022,Ukrainian Asylum-seekers/applications cumulative,5460,2,1,0,TRUE,0,#3c8dbc
5,Romania,10782,Country,2022-04-28,432592,25.3,45.8667,52.8667,32.3,38.8667,18.3,NA,4,2022,Ukrainian Asylum-seekers/applications cumulative,5460,2,1,0,FALSE,0,#3c8dbc
6,Slovakia,10785,Country,2022-04-28,367904,19.4864,48.7062,55.7062,26.4864,41.7062,12.4864,NA,4,2022,Ukrainian Asylum-seekers/applications cumulative,5460,2,1,0,FALSE,0,#3c8dbc
7,Belarus,10786,Country,2022-04-28,25002,28.0463,53.5384,57.838933546403,33.727940625,48.496893952144,21.0463,NA,4,2022,Ukrainian Asylum-seekers/applications cumulative,5460,2,1,0,FALSE,0,#3c8dbc
1,Poland,10781,Country,2022-04-29,3014157,19.4013,52.1224,55.469505777204,26.4013,48.02154911827,12.4013,NA,4,2022,Ukrainian Asylum-seekers/applications cumulative,5460,2,1,0,TRUE,0,#3c8dbc
3,Hungary,10783,Country,2022-04-29,519979,19.4131,47.1672,54.1672,26.58888125,43.760060981758,12.4131,NA,4,2022,Ukrainian Asylum-seekers/applications cumulative,5460,2,1,0,TRUE,0,#3c8dbc
4,Republic of Moldova,10784,Country,2022-04-29,443559,28.4646,47.1976,49.019638429728,31.685303125,45.044273452589,25.068115625,NA,4,2022,Ukrainian Asylum-seekers/applications cumulative,5460,2,1,0,TRUE,0,#3c8dbc
5,Romania,10782,Country,2022-04-29,437633,25.3,45.8667,52.8667,32.3,38.8667,18.3,NA,4,2022,Ukrainian Asylum-seekers/applications cumulative,5460,2,1,0,FALSE,0,#3c8dbc
6,Slovakia,10785,Country,2022-04-29,371918,19.4864,48.7062,55.7062,26.4864,41.7062,12.4864,NA,4,2022,Ukrainian Asylum-seekers/applications cumulative,5460,2,1,0,FALSE,0,#3c8dbc
2,Russian Federation,10791,Country,2022-04-30,681156,38.1556078125,51.488850139616,59.067055102908,36.958297741264,54.998769388622,31.669526312692,NA,4,2022,Ukrainian Asylum-seekers/applications cumulative,5460,2,1,0,FALSE,0,#3c8dbc
5,Romania,10782,Country,2022-04-30,443767,25.3,45.8667,52.8667,32.3,38.8667,18.3,NA,4,2022,Ukrainian Asylum-seekers/applications cumulative,5460,2,1,0,FALSE,0,#3c8dbc
1,Poland,10781,Country,2022-05-01,3056826,19.4013,52.1224,55.469505777204,26.4013,48.02154911827,12.4013,NA,5,2022,Ukrainian Asylum-seekers/applications cumulative,5460,2,1,0,TRUE,0,#3c8dbc
3,Hungary,10783,Country,2022-05-01,530157,19.4131,47.1672,54.1672,26.58888125,43.760060981758,12.4131,NA,5,2022,Ukrainian Asylum-seekers/applications cumulative,5460,2,1,0,TRUE,0,#3c8dbc
4,Republic of Moldova,10784,Country,2022-05-01,447604,28.4646,47.1976,49.019638429728,31.685303125,45.044273452589,25.068115625,NA,5,2022,Ukrainian Asylum-seekers/applications cumulative,5460,2,1,0,TRUE,0,#3c8dbc
6,Slovakia,10785,Country,2022-05-01,379447,19.4864,48.7062,55.7062,26.4864,41.7062,12.4864,NA,5,2022,Ukrainian Asylum-seekers/applications cumulative,5460,2,1,0,FALSE,0,#3c8dbc
1,Poland,10781,Country,2022-05-02,3075240,19.4013,52.1224,55.469505777204,26.4013,48.02154911827,12.4013,NA,5,2022,Ukrainian Asylum-seekers/applications cumulative,5460,2,1,0,TRUE,0,#3c8dbc
3,Hungary,10783,Country,2022-05-02,534821,19.4131,47.1672,54.1672,26.58888125,43.760060981758,12.4131,NA,5,2022,Ukrainian Asylum-seekers/applications cumulative,5460,2,1,0,TRUE,0,#3c8dbc
4,Romania,10782,Country,2022-05-02,451070,25.3,45.8667,52.8667,32.3,38.8667,18.3,NA,5,2022,Ukrainian Asylum-seekers/applications cumulative,5460,2,1,0,FALSE,0,#3c8dbc
5,Republic of Moldova,10784,Country,2022-05-02,448170,28.4646,47.1976,49.019638429728,31.685303125,45.044273452589,25.068115625,NA,5,2022,Ukrainian Asylum-seekers/applications cumulative,5460,2,1,0,TRUE,0,#3c8dbc
6,Slovakia,10785,Country,2022-05-02,382024,19.4864,48.7062,55.7062,26.4864,41.7062,12.4864,NA,5,2022,Ukrainian Asylum-seekers/applications cumulative,5460,2,1,0,FALSE,0,#3c8dbc
1,Poland,10781,Country,2022-05-03,3094446,19.4013,52.1224,55.469505777204,26.4013,48.02154911827,12.4013,NA,5,2022,Ukrainian Asylum-seekers/applications cumulative,5460,2,1,0,TRUE,0,#3c8dbc
2,Russian Federation,10791,Country,2022-05-03,703523,38.1556078125,51.488850139616,59.067055102908,36.958297741264,54.998769388622,31.669526312692,NA,5,2022,Ukrainian Asylum-seekers/applications cumulative,5460,2,1,0,FALSE,0,#3c8dbc
4,Romania,10782,Country,2022-05-03,458654,25.3,45.8667,52.8667,32.3,38.8667,18.3,NA,5,2022,Ukrainian Asylum-seekers/applications cumulative,5460,2,1,0,FALSE,0,#3c8dbc
5,Republic of Moldova,10784,Country,2022-05-03,449605,28.4646,47.1976,49.019638429728,31.685303125,45.044273452589,25.068115625,NA,5,2022,Ukrainian Asylum-seekers/applications cumulative,5460,2,1,0,TRUE,0,#3c8dbc
6,Slovakia,10785,Country,2022-05-03,385284,19.4864,48.7062,55.7062,26.4864,41.7062,12.4864,NA,5,2022,Ukrainian Asylum-seekers/applications cumulative,5460,2,1,0,FALSE,0,#3c8dbc
7,Belarus,10786,Country,2022-05-03,25852,28.0463,53.5384,57.838933546403,33.727940625,48.496893952144,21.0463,NA,5,2022,Ukrainian Asylum-seekers/applications cumulative,5460,2,1,0,FALSE,0,#3c8dbc
1,Poland,10781,Country,2022-05-04,3119196,19.4013,52.1224,55.469505777204,26.4013,48.02154911827,12.4013,NA,5,2022,Ukrainian Asylum-seekers/applications cumulative,5460,2,1,0,TRUE,0,#3c8dbc
2,Russian Federation,10791,Country,2022-05-04,714713,38.1556078125,51.488850139616,59.067055102908,36.958297741264,54.998769388622,31.669526312692,NA,5,2022,Ukrainian Asylum-seekers/applications cumulative,5460,2,1,0,FALSE,0,#3c8dbc
3,Hungary,10783,Country,2022-05-04,545311,19.4131,47.1672,54.1672,26.58888125,43.760060981758,12.4131,NA,5,2022,Ukrainian Asylum-seekers/applications cumulative,5460,2,1,0,TRUE,0,#3c8dbc
4,Romania,10782,Country,2022-05-04,463816,25.3,45.8667,52.8667,32.3,38.8667,18.3,NA,5,2022,Ukrainian Asylum-seekers/applications cumulative,5460,2,1,0,FALSE,0,#3c8dbc
5,Republic of Moldova,10784,Country,2022-05-04,450797,28.4646,47.1976,49.019638429728,31.685303125,45.044273452589,25.068115625,NA,5,2022,Ukrainian Asylum-seekers/applications cumulative,5460,2,1,0,TRUE,0,#3c8dbc
6,Slovakia,10785,Country,2022-05-04,388282,19.4864,48.7062,55.7062,26.4864,41.7062,12.4864,NA,5,2022,Ukrainian Asylum-seekers/applications cumulative,5460,2,1,0,FALSE,0,#3c8dbc
1,Poland,10781,Country,2022-05-05,3143550,19.4013,52.1224,55.469505777204,26.4013,48.02154911827,12.4013,NA,5,2022,Ukrainian Asylum-seekers/applications cumulative,5460,2,1,0,TRUE,0,#3c8dbc
2,Russian Federation,10791,Country,2022-05-05,727712,38.1556078125,51.488850139616,59.067055102908,36.958297741264,54.998769388622,31.669526312692,NA,5,2022,Ukrainian Asylum-seekers/applications cumulative,5460,2,1,0,FALSE,0,#3c8dbc
3,Hungary,10783,Country,2022-05-05,551010,19.4131,47.1672,54.1672,26.58888125,43.760060981758,12.4131,NA,5,2022,Ukrainian Asylum-seekers/applications cumulative,5460,2,1,0,TRUE,0,#3c8dbc
4,Romania,10782,Country,2022-05-05,464963,25.3,45.8667,52.8667,32.3,38.8667,18.3,NA,5,2022,Ukrainian Asylum-seekers/applications cumulative,5460,2,1,0,FALSE,0,#3c8dbc
5,Republic of Moldova,10784,Country,2022-05-05,452038,28.4646,47.1976,49.019638429728,31.685303125,45.044273452589,25.068115625,NA,5,2022,Ukrainian Asylum-seekers/applications cumulative,5460,2,1,0,TRUE,0,#3c8dbc
6,Slovakia,10785,Country,2022-05-05,391592,19.4864,48.7062,55.7062,26.4864,41.7062,12.4864,NA,5,2022,Ukrainian Asylum-seekers/applications cumulative,5460,2,1,0,FALSE,0,#3c8dbc
7,Belarus,10786,Country,2022-05-05,26149,28.0463,53.5384,57.838933546403,33.727940625,48.496893952144,21.0463,NA,5,2022,Ukrainian Asylum-seekers/applications cumulative,5460,2,1,0,FALSE,0,#3c8dbc
1,Poland,10781,Country,2022-05-06,3167805,19.4013,52.1224,55.469505777204,26.4013,48.02154911827,12.4013,NA,5,2022,Ukrainian Asylum-seekers/applications cumulative,5460,2,1,0,TRUE,0,#3c8dbc
2,Russian Federation,10791,Country,2022-05-06,739418,38.1556078125,51.488850139616,59.067055102908,36.958297741264,54.998769388622,31.669526312692,NA,5,2022,Ukrainian Asylum-seekers/applications cumulative,5460,2,1,0,FALSE,0,#3c8dbc
3,Hungary,10783,Country,2022-05-06,557001,19.4131,47.1672,54.1672,26.58888125,43.760060981758,12.4131,NA,5,2022,Ukrainian Asylum-seekers/applications cumulative,5460,2,1,0,TRUE,0,#3c8dbc
5,Republic of Moldova,10784,Country,2022-05-06,453848,28.4646,47.1976,49.019638429728,31.685303125,45.044273452589,25.068115625,NA,5,2022,Ukrainian Asylum-seekers/applications cumulative,5460,2,1,0,TRUE,0,#3c8dbc
7,Belarus,10786,Country,2022-05-06,26278,28.0463,53.5384,57.838933546403,33.727940625,48.496893952144,21.0463,NA,5,2022,Ukrainian Asylum-seekers/applications cumulative,5460,2,1,0,FALSE,0,#3c8dbc
1,Poland,10781,Country,2022-05-08,3217206,19.4013,52.1224,55.469505777204,26.4013,48.02154911827,12.4013,NA,5,2022,Ukrainian Asylum-seekers/applications cumulative,5460,2,1,0,TRUE,0,#3c8dbc
3,Hungary,10783,Country,2022-05-08,568630,19.4131,47.1672,54.1672,26.58888125,43.760060981758,12.4131,NA,5,2022,Ukrainian Asylum-seekers/applications cumulative,5460,2,1,0,TRUE,0,#3c8dbc
4,Romania,10782,Country,2022-05-08,480064,25.3,45.8667,52.8667,32.3,38.8667,18.3,NA,5,2022,Ukrainian Asylum-seekers/applications cumulative,5460,2,1,0,FALSE,0,#3c8dbc
5,Republic of Moldova,10784,Country,2022-05-08,456947,28.4646,47.1976,49.019638429728,31.685303125,45.044273452589,25.068115625,NA,5,2022,Ukrainian Asylum-seekers/applications cumulative,5460,2,1,0,TRUE,0,#3c8dbc
6,Slovakia,10785,Country,2022-05-08,402332,19.4864,48.7062,55.7062,26.4864,41.7062,12.4864,NA,5,2022,Ukrainian Asylum-seekers/applications cumulative,5460,2,1,0,FALSE,0,#3c8dbc
1,Poland,10781,Country,2022-05-09,3234036,19.4013,52.1224,55.469505777204,26.4013,48.02154911827,12.4013,NA,5,2022,Ukrainian Asylum-seekers/applications cumulative,5460,2,1,0,TRUE,0,#3c8dbc
3,Hungary,10783,Country,2022-05-09,572760,19.4131,47.1672,54.1672,26.58888125,43.760060981758,12.4131,NA,5,2022,Ukrainian Asylum-seekers/applications cumulative,5460,2,1,0,TRUE,0,#3c8dbc
4,Romania,10782,Country,2022-05-09,482975,25.3,45.8667,52.8667,32.3,38.8667,18.3,NA,5,2022,Ukrainian Asylum-seekers/applications cumulative,5460,2,1,0,FALSE,0,#3c8dbc
5,Republic of Moldova,10784,Country,2022-05-09,457066,28.4646,47.1976,49.019638429728,31.685303125,45.044273452589,25.068115625,NA,5,2022,Ukrainian Asylum-seekers/applications cumulative,5460,2,1,0,TRUE,0,#3c8dbc
6,Slovakia,10785,Country,2022-05-09,404463,19.4864,48.7062,55.7062,26.4864,41.7062,12.4864,NA,5,2022,Ukrainian Asylum-seekers/applications cumulative,5460,2,1,0,FALSE,0,#3c8dbc
7,Belarus,10786,Country,2022-05-09,26985,28.0463,53.5384,57.838933546403,33.727940625,48.496893952144,21.0463,NA,5,2022,Ukrainian Asylum-seekers/applications cumulative,5460,2,1,0,FALSE,0,#3c8dbc
1,Poland,10781,Country,2022-05-10,3251955,19.4013,52.1224,55.469505777204,26.4013,48.02154911827,12.4013,NA,5,2022,Ukrainian Asylum-seekers/applications cumulative,5460,2,1,0,TRUE,0,#3c8dbc
2,Russian Federation,10791,Country,2022-05-10,772121,38.1556078125,51.488850139616,59.067055102908,36.958297741264,54.998769388622,31.669526312692,NA,5,2022,Ukrainian Asylum-seekers/applications cumulative,5460,2,1,0,FALSE,0,#3c8dbc
3,Hungary,10783,Country,2022-05-10,577820,19.4131,47.1672,54.1672,26.58888125,43.760060981758,12.4131,NA,5,2022,Ukrainian Asylum-seekers/applications cumulative,5460,2,1,0,TRUE,0,#3c8dbc
4,Romania,10782,Country,2022-05-10,487279,25.3,45.8667,52.8667,32.3,38.8667,18.3,NA,5,2022,Ukrainian Asylum-seekers/applications cumulative,5460,2,1,0,FALSE,0,#3c8dbc
5,Republic of Moldova,10784,Country,2022-05-10,458242,28.4646,47.1976,49.019638429728,31.685303125,45.044273452589,25.068115625,NA,5,2022,Ukrainian Asylum-seekers/applications cumulative,5460,2,1,0,TRUE,0,#3c8dbc
6,Slovakia,10785,Country,2022-05-10,406833,19.4864,48.7062,55.7062,26.4864,41.7062,12.4864,NA,5,2022,Ukrainian Asylum-seekers/applications cumulative,5460,2,1,0,FALSE,0,#3c8dbc
7,Belarus,10786,Country,2022-05-10,27108,28.0463,53.5384,57.838933546403,33.727940625,48.496893952144,21.0463,NA,5,2022,Ukrainian Asylum-seekers/applications cumulative,5460,2,1,0,FALSE,0,#3c8dbc
1,Poland,10781,Country,2022-05-11,3272943,19.4013,52.1224,55.469505777204,26.4013,48.02154911827,12.4013,NA,5,2022,Ukrainian Asylum-seekers/applications cumulative,5460,2,1,0,TRUE,0,#3c8dbc
2,Russian Federation,10791,Country,2022-05-11,785348,38.1556078125,51.488850139616,59.067055102908,36.958297741264,54.998769388622,31.669526312692,NA,5,2022,Ukrainian Asylum-seekers/applications cumulative,5460,2,1,0,FALSE,0,#3c8dbc
3,Hungary,10783,Country,2022-05-11,583066,19.4131,47.1672,54.1672,26.58888125,43.760060981758,12.4131,NA,5,2022,Ukrainian Asylum-seekers/applications cumulative,5460,2,1,0,TRUE,0,#3c8dbc
4,Romania,10782,Country,2022-05-11,491967,25.3,45.8667,52.8667,32.3,38.8667,18.3,NA,5,2022,Ukrainian Asylum-seekers/applications cumulative,5460,2,1,0,FALSE,0,#3c8dbc
5,Republic of Moldova,10784,Country,2022-05-11,459546,28.4646,47.1976,49.019638429728,31.685303125,45.044273452589,25.068115625,NA,5,2022,Ukrainian Asylum-seekers/applications cumulative,5460,2,1,0,TRUE,0,#3c8dbc
6,Slovakia,10785,Country,2022-05-11,409527,19.4864,48.7062,55.7062,26.4864,41.7062,12.4864,NA,5,2022,Ukrainian Asylum-seekers/applications cumulative,5460,2,1,0,FALSE,0,#3c8dbc
7,Belarus,10786,Country,2022-05-11,27308,28.0463,53.5384,57.838933546403,33.727940625,48.496893952144,21.0463,NA,5,2022,Ukrainian Asylum-seekers/applications cumulative,5460,2,1,0,FALSE,0,#3c8dbc
1,Poland,10781,Country,2022-05-12,3294723,19.4013,52.1224,55.469505777204,26.4013,48.02154911827,12.4013,NA,5,2022,Ukrainian Asylum-seekers/applications cumulative,5460,2,1,0,TRUE,0,#3c8dbc
2,Russian Federation,10791,Country,2022-05-12,800104,38.1556078125,51.488850139616,59.067055102908,36.958297741264,54.998769388622,31.669526312692,NA,5,2022,Ukrainian Asylum-seekers/applications cumulative,5460,2,1,0,FALSE,0,#3c8dbc
3,Hungary,10783,Country,2022-05-12,588736,19.4131,47.1672,54.1672,26.58888125,43.760060981758,12.4131,NA,5,2022,Ukrainian Asylum-seekers/applications cumulative,5460,2,1,0,TRUE,0,#3c8dbc
4,Romania,10782,Country,2022-05-12,496241,25.3,45.8667,52.8667,32.3,38.8667,18.3,NA,5,2022,Ukrainian Asylum-seekers/applications cumulative,5460,2,1,0,FALSE,0,#3c8dbc
5,Republic of Moldova,10784,Country,2022-05-12,460782,28.4646,47.1976,49.019638429728,31.685303125,45.044273452589,25.068115625,NA,5,2022,Ukrainian Asylum-seekers/applications cumulative,5460,2,1,0,TRUE,0,#3c8dbc
6,Slovakia,10785,Country,2022-05-12,412345,19.4864,48.7062,55.7062,26.4864,41.7062,12.4864,NA,5,2022,Ukrainian Asylum-seekers/applications cumulative,5460,2,1,0,FALSE,0,#3c8dbc
7,Belarus,10786,Country,2022-05-12,27308,28.0463,53.5384,57.838933546403,33.727940625,48.496893952144,21.0463,NA,5,2022,Ukrainian Asylum-seekers/applications cumulative,5460,2,1,0,FALSE,0,#3c8dbc
1,Poland,10781,Country,2022-05-13,3315711,19.4013,52.1224,55.469505777204,26.4013,48.02154911827,12.4013,NA,5,2022,Ukrainian Asylum-seekers/applications cumulative,5460,2,1,0,TRUE,0,#3c8dbc
3,Hungary,10783,Country,2022-05-13,594664,19.4131,47.1672,54.1672,26.58888125,43.760060981758,12.4131,NA,5,2022,Ukrainian Asylum-seekers/applications cumulative,5460,2,1,0,TRUE,0,#3c8dbc
5,Republic of Moldova,10784,Country,2022-05-13,461742,28.4646,47.1976,49.019638429728,31.685303125,45.044273452589,25.068115625,NA,5,2022,Ukrainian Asylum-seekers/applications cumulative,5460,2,1,0,TRUE,0,#3c8dbc
6,Slovakia,10785,Country,2022-05-13,415402,19.4864,48.7062,55.7062,26.4864,41.7062,12.4864,NA,5,2022,Ukrainian Asylum-seekers/applications cumulative,5460,2,1,0,FALSE,0,#3c8dbc
1,Poland,10781,Country,2022-05-15,3357984,19.4013,52.1224,55.469505777204,26.4013,48.02154911827,12.4013,NA,5,2022,Ukrainian Asylum-seekers/applications cumulative,5460,2,1,0,TRUE,0,#3c8dbc
2,Russian Federation,10791,Country,2022-05-15,838434,38.1556078125,51.488850139616,59.067055102908,36.958297741264,54.998769388622,31.669526312692,NA,5,2022,Ukrainian Asylum-seekers/applications cumulative,5460,2,1,0,FALSE,0,#3c8dbc
3,Hungary,10783,Country,2022-05-15,605628,19.4131,47.1672,54.1672,26.58888125,43.760060981758,12.4131,NA,5,2022,Ukrainian Asylum-seekers/applications cumulative,5460,2,1,0,TRUE,0,#3c8dbc
4,Romania,10782,Country,2022-05-15,509457,25.3,45.8667,52.8667,32.3,38.8667,18.3,NA,5,2022,Ukrainian Asylum-seekers/applications cumulative,5460,2,1,0,FALSE,0,#3c8dbc
5,Republic of Moldova,10784,Country,2022-05-15,463348,28.4646,47.1976,49.019638429728,31.685303125,45.044273452589,25.068115625,NA,5,2022,Ukrainian Asylum-seekers/applications cumulative,5460,2,1,0,TRUE,0,#3c8dbc
6,Slovakia,10785,Country,2022-05-15,421662,19.4864,48.7062,55.7062,26.4864,41.7062,12.4864,NA,5,2022,Ukrainian Asylum-seekers/applications cumulative,5460,2,1,0,FALSE,0,#3c8dbc
1,Poland,10781,Country,2022-05-16,3376992,19.4013,52.1224,55.469505777204,26.4013,48.02154911827,12.4013,NA,5,2022,Ukrainian Asylum-seekers/applications cumulative,5460,2,1,0,TRUE,0,#3c8dbc
2,Russian Federation,10791,Country,2022-05-16,850534,38.1556078125,51.488850139616,59.067055102908,36.958297741264,54.998769388622,31.669526312692,NA,5,2022,Ukrainian Asylum-seekers/applications cumulative,5460,2,1,0,FALSE,0,#3c8dbc
3,Hungary,10783,Country,2022-05-16,610076,19.4131,47.1672,54.1672,26.58888125,43.760060981758,12.4131,NA,5,2022,Ukrainian Asylum-seekers/applications cumulative,5460,2,1,0,TRUE,0,#3c8dbc
4,Romania,10782,Country,2022-05-16,513613,25.3,45.8667,52.8667,32.3,38.8667,18.3,NA,5,2022,Ukrainian Asylum-seekers/applications cumulative,5460,2,1,0,FALSE,0,#3c8dbc
5,Republic of Moldova,10784,Country,2022-05-16,464294,28.4646,47.1976,49.019638429728,31.685303125,45.044273452589,25.068115625,NA,5,2022,Ukrainian Asylum-seekers/applications cumulative,5460,2,1,0,TRUE,0,#3c8dbc
6,Slovakia,10785,Country,2022-05-16,424027,19.4864,48.7062,55.7062,26.4864,41.7062,12.4864,NA,5,2022,Ukrainian Asylum-seekers/applications cumulative,5460,2,1,0,FALSE,0,#3c8dbc
1,Poland,10781,Country,2022-05-17,3396792,19.4013,52.1224,55.469505777204,26.4013,48.02154911827,12.4013,NA,5,2022,Ukrainian Asylum-seekers/applications cumulative,5460,2,1,0,TRUE,0,#3c8dbc
2,Russian Federation,10791,Country,2022-05-17,863086,38.1556078125,51.488850139616,59.067055102908,36.958297741264,54.998769388622,31.669526312692,NA,5,2022,Ukrainian Asylum-seekers/applications cumulative,5460,2,1,0,FALSE,0,#3c8dbc
3,Hungary,10783,Country,2022-05-17,615256,19.4131,47.1672,54.1672,26.58888125,43.760060981758,12.4131,NA,5,2022,Ukrainian Asylum-seekers/applications cumulative,5460,2,1,0,TRUE,0,#3c8dbc
4,Romania,10782,Country,2022-05-17,517773,25.3,45.8667,52.8667,32.3,38.8667,18.3,NA,5,2022,Ukrainian Asylum-seekers/applications cumulative,5460,2,1,0,FALSE,0,#3c8dbc
5,Republic of Moldova,10784,Country,2022-05-17,465435,28.4646,47.1976,49.019638429728,31.685303125,45.044273452589,25.068115625,NA,5,2022,Ukrainian Asylum-seekers/applications cumulative,5460,2,1,0,TRUE,0,#3c8dbc
6,Slovakia,10785,Country,2022-05-17,426605,19.4864,48.7062,55.7062,26.4864,41.7062,12.4864,NA,5,2022,Ukrainian Asylum-seekers/applications cumulative,5460,2,1,0,FALSE,0,#3c8dbc
1,Poland,10781,Country,2022-05-19,3439857,19.4013,52.1224,55.469505777204,26.4013,48.02154911827,12.4013,NA,5,2022,Ukrainian Asylum-seekers/applications cumulative,5460,2,1,0,TRUE,0,#3c8dbc
2,Russian Federation,10791,Country,2022-05-19,887651,38.1556078125,51.488850139616,59.067055102908,36.958297741264,54.998769388622,31.669526312692,NA,5,2022,Ukrainian Asylum-seekers/applications cumulative,5460,2,1,0,FALSE,0,#3c8dbc
3,Hungary,10783,Country,2022-05-19,626548,19.4131,47.1672,54.1672,26.58888125,43.760060981758,12.4131,NA,5,2022,Ukrainian Asylum-seekers/applications cumulative,5460,2,1,0,TRUE,0,#3c8dbc
4,Romania,10782,Country,2022-05-19,527853,25.3,45.8667,52.8667,32.3,38.8667,18.3,NA,5,2022,Ukrainian Asylum-seekers/applications cumulative,5460,2,1,0,FALSE,0,#3c8dbc
5,Republic of Moldova,10784,Country,2022-05-19,467636,28.4646,47.1976,49.019638429728,31.685303125,45.044273452589,25.068115625,NA,5,2022,Ukrainian Asylum-seekers/applications cumulative,5460,2,1,0,TRUE,0,#3c8dbc
6,Slovakia,10785,Country,2022-05-19,432502,19.4864,48.7062,55.7062,26.4864,41.7062,12.4864,NA,5,2022,Ukrainian Asylum-seekers/applications cumulative,5460,2,1,0,TRUE,0,#3c8dbc
1,Poland,10781,Country,2022-05-20,3463320,19.4013,52.1224,55.469505777204,26.4013,48.02154911827,12.4013,NA,5,2022,Ukrainian Asylum-seekers/applications cumulative,5460,2,1,0,TRUE,0,#3c8dbc
3,Hungary,10783,Country,2022-05-20,633219,19.4131,47.1672,54.1672,26.58888125,43.760060981758,12.4131,NA,5,2022,Ukrainian Asylum-seekers/applications cumulative,5460,2,1,0,TRUE,0,#3c8dbc
5,Republic of Moldova,10784,Country,2022-05-20,468998,28.4646,47.1976,49.019638429728,31.685303125,45.044273452589,25.068115625,NA,5,2022,Ukrainian Asylum-seekers/applications cumulative,5460,2,1,0,TRUE,0,#3c8dbc
6,Slovakia,10785,Country,2022-05-20,435660,19.4864,48.7062,55.7062,26.4864,41.7062,12.4864,NA,5,2022,Ukrainian Asylum-seekers/applications cumulative,5460,2,1,0,TRUE,0,#3c8dbc
1,Poland,10781,Country,2022-05-22,3505890,19.4013,52.1224,55.469505777204,26.4013,48.02154911827,12.4013,NA,5,2022,Ukrainian Asylum-seekers/applications cumulative,5460,2,1,0,TRUE,0,#3c8dbc
2,Russian Federation,10791,Country,2022-05-22,919934,38.1556078125,51.488850139616,59.067055102908,36.958297741264,54.998769388622,31.669526312692,NA,5,2022,Ukrainian Asylum-seekers/applications cumulative,5460,2,1,0,FALSE,0,#3c8dbc
3,Hungary,10783,Country,2022-05-22,644474,19.4131,47.1672,54.1672,26.58888125,43.760060981758,12.4131,NA,5,2022,Ukrainian Asylum-seekers/applications cumulative,5460,2,1,0,TRUE,0,#3c8dbc
4,Romania,10782,Country,2022-05-22,541826,25.3,45.8667,52.8667,32.3,38.8667,18.3,NA,5,2022,Ukrainian Asylum-seekers/applications cumulative,5460,2,1,0,TRUE,0,#3c8dbc
5,Republic of Moldova,10784,Country,2022-05-22,471223,28.4646,47.1976,49.019638429728,31.685303125,45.044273452589,25.068115625,NA,5,2022,Ukrainian Asylum-seekers/applications cumulative,5460,2,1,0,TRUE,0,#3c8dbc
6,Slovakia,10785,Country,2022-05-22,442316,19.4864,48.7062,55.7062,26.4864,41.7062,12.4864,NA,5,2022,Ukrainian Asylum-seekers/applications cumulative,5460,2,1,0,TRUE,0,#3c8dbc
1,Poland,10781,Country,2022-05-23,3524205,19.4013,52.1224,55.469505777204,26.4013,48.02154911827,12.4013,NA,5,2022,Ukrainian Asylum-seekers/applications cumulative,5460,2,1,0,TRUE,0,#3c8dbc
2,Russian Federation,10791,Country,2022-05-23,932220,38.1556078125,51.488850139616,59.067055102908,36.958297741264,54.998769388622,31.669526312692,NA,5,2022,Ukrainian Asylum-seekers/applications cumulative,5460,2,1,0,FALSE,0,#3c8dbc
3,Hungary,10783,Country,2022-05-23,649352,19.4131,47.1672,54.1672,26.58888125,43.760060981758,12.4131,NA,5,2022,Ukrainian Asylum-seekers/applications cumulative,5460,2,1,0,TRUE,0,#3c8dbc
4,Romania,10782,Country,2022-05-23,545845,25.3,45.8667,52.8667,32.3,38.8667,18.3,NA,5,2022,Ukrainian Asylum-seekers/applications cumulative,5460,2,1,0,TRUE,0,#3c8dbc
5,Republic of Moldova,10784,Country,2022-05-23,472377,28.4646,47.1976,49.019638429728,31.685303125,45.044273452589,25.068115625,NA,5,2022,Ukrainian Asylum-seekers/applications cumulative,5460,2,1,0,TRUE,0,#3c8dbc
6,Slovakia,10785,Country,2022-05-23,444368,19.4864,48.7062,55.7062,26.4864,41.7062,12.4864,NA,5,2022,Ukrainian Asylum-seekers/applications cumulative,5460,2,1,0,TRUE,0,#3c8dbc
1,Poland,10781,Country,2022-05-24,3544995,19.4013,52.1224,55.469505777204,26.4013,48.02154911827,12.4013,NA,5,2022,Ukrainian Asylum-seekers/applications cumulative,5460,2,1,0,TRUE,0,#3c8dbc
2,Russian Federation,10791,Country,2022-05-24,945007,38.1556078125,51.488850139616,59.067055102908,36.958297741264,54.998769388622,31.669526312692,NA,5,2022,Ukrainian Asylum-seekers/applications cumulative,5460,2,1,0,FALSE,0,#3c8dbc
3,Hungary,10783,Country,2022-05-24,654664,19.4131,47.1672,54.1672,26.58888125,43.760060981758,12.4131,NA,5,2022,Ukrainian Asylum-seekers/applications cumulative,5460,2,1,0,TRUE,0,#3c8dbc
4,Romania,10782,Country,2022-05-24,550240,25.3,45.8667,52.8667,32.3,38.8667,18.3,NA,5,2022,Ukrainian Asylum-seekers/applications cumulative,5460,2,1,0,TRUE,0,#3c8dbc
5,Republic of Moldova,10784,Country,2022-05-24,473690,28.4646,47.1976,49.019638429728,31.685303125,45.044273452589,25.068115625,NA,5,2022,Ukrainian Asylum-seekers/applications cumulative,5460,2,1,0,TRUE,0,#3c8dbc
6,Slovakia,10785,Country,2022-05-24,446755,19.4864,48.7062,55.7062,26.4864,41.7062,12.4864,NA,5,2022,Ukrainian Asylum-seekers/applications cumulative,5460,2,1,0,TRUE,0,#3c8dbc
2,Russian Federation,10791,Country,2022-05-25,958060,38.1556078125,51.488850139616,59.067055102908,36.958297741264,54.998769388622,31.669526312692,NA,5,2022,Ukrainian Asylum-seekers/applications cumulative,5460,2,1,0,FALSE,0,#3c8dbc
3,Hungary,10783,Country,2022-05-25,660192,19.4131,47.1672,54.1672,26.58888125,43.760060981758,12.4131,NA,5,2022,Ukrainian Asylum-seekers/applications cumulative,5460,2,1,0,TRUE,0,#3c8dbc
4,Romania,10782,Country,2022-05-25,554906,25.3,45.8667,52.8667,32.3,38.8667,18.3,NA,5,2022,Ukrainian Asylum-seekers/applications cumulative,5460,2,1,0,TRUE,0,#3c8dbc
5,Republic of Moldova,10784,Country,2022-05-25,475011,28.4646,47.1976,49.019638429728,31.685303125,45.044273452589,25.068115625,NA,5,2022,Ukrainian Asylum-seekers/applications cumulative,5460,2,1,0,TRUE,0,#3c8dbc
6,Slovakia,10785,Country,2022-05-25,449509,19.4864,48.7062,55.7062,26.4864,41.7062,12.4864,NA,5,2022,Ukrainian Asylum-seekers/applications cumulative,5460,2,1,0,TRUE,0,#3c8dbc
7,Belarus,10786,Country,2022-05-25,16547,28.0463,53.5384,57.838933546403,33.727940625,48.496893952144,21.0463,NA,5,2022,Ukrainian Asylum-seekers/applications cumulative,5460,2,1,NA,FALSE,0,#3c8dbc
1,Poland,10781,Country,2022-05-26,3559394,19.4013,52.1224,55.469505777204,26.4013,48.02154911827,12.4013,NA,5,2022,Ukrainian Asylum-seekers/applications cumulative,5460,2,1,NA,TRUE,0,#3c8dbc
2,Russian Federation,10791,Country,2022-05-26,971417,38.1556078125,51.488850139616,59.067055102908,36.958297741264,54.998769388622,31.669526312692,NA,5,2022,Ukrainian Asylum-seekers/applications cumulative,5460,2,1,0,FALSE,0,#3c8dbc
3,Hungary,10783,Country,2022-05-26,665533,19.4131,47.1672,54.1672,26.58888125,43.760060981758,12.4131,NA,5,2022,Ukrainian Asylum-seekers/applications cumulative,5460,2,1,0,TRUE,0,#3c8dbc
4,Romania,10782,Country,2022-05-26,559378,25.3,45.8667,52.8667,32.3,38.8667,18.3,NA,5,2022,Ukrainian Asylum-seekers/applications cumulative,5460,2,1,0,TRUE,0,#3c8dbc
5,Republic of Moldova,10784,Country,2022-05-26,476290,28.4646,47.1976,49.019638429728,31.685303125,45.044273452589,25.068115625,NA,5,2022,Ukrainian Asylum-seekers/applications cumulative,5460,2,1,0,TRUE,0,#3c8dbc
6,Slovakia,10785,Country,2022-05-26,451850,19.4864,48.7062,55.7062,26.4864,41.7062,12.4864,NA,5,2022,Ukrainian Asylum-seekers/applications cumulative,5460,2,1,0,TRUE,0,#3c8dbc
7,Belarus,10786,Country,2022-05-26,16549,28.0463,53.5384,57.838933546403,33.727940625,48.496893952144,21.0463,NA,5,2022,Ukrainian Asylum-seekers/applications cumulative,5460,2,1,0,FALSE,0,#3c8dbc
1,Poland,10781,Country,2022-05-27,3581612,19.4013,52.1224,55.469505777204,26.4013,48.02154911827,12.4013,NA,5,2022,Ukrainian Asylum-seekers/applications cumulative,5460,2,1,0,TRUE,0,#3c8dbc
3,Hungary,10783,Country,2022-05-27,671463,19.4131,47.1672,54.1672,26.58888125,43.760060981758,12.4131,NA,5,2022,Ukrainian Asylum-seekers/applications cumulative,5460,2,1,0,TRUE,0,#3c8dbc
4,Romania,10782,Country,2022-05-27,563569,25.3,45.8667,52.8667,32.3,38.8667,18.3,NA,5,2022,Ukrainian Asylum-seekers/applications cumulative,5460,2,1,0,TRUE,0,#3c8dbc
5,Republic of Moldova,10784,Country,2022-05-27,477637,28.4646,47.1976,49.019638429728,31.685303125,45.044273452589,25.068115625,NA,5,2022,Ukrainian Asylum-seekers/applications cumulative,5460,2,1,0,TRUE,0,#3c8dbc
6,Slovakia,10785,Country,2022-05-27,454961,19.4864,48.7062,55.7062,26.4864,41.7062,12.4864,NA,5,2022,Ukrainian Asylum-seekers/applications cumulative,5460,2,1,0,TRUE,0,#3c8dbc
1,Poland,10781,Country,2022-05-29,3627178,19.4013,52.1224,55.469505777204,26.4013,48.02154911827,12.4013,NA,5,2022,Border crossings from Ukraine (cumulative),5460,2,1,0,TRUE,0,#3c8dbc
3,Hungary,10783,Country,2022-05-29,682594,19.4131,47.1672,54.1672,26.58888125,43.760060981758,12.4131,NA,5,2022,Border crossings from Ukraine (cumulative),5460,2,1,0,TRUE,0,#3c8dbc
5,Republic of Moldova,10784,Country,2022-05-29,479513,28.4646,47.1976,49.019638429728,31.685303125,45.044273452589,25.068115625,NA,5,2022,Border crossings from Ukraine (cumulative),5460,2,1,0,TRUE,0,#3c8dbc
6,Slovakia,10785,Country,2022-05-29,461164,19.4864,48.7062,55.7062,26.4864,41.7062,12.4864,NA,5,2022,Border crossings from Ukraine (cumulative),5460,2,1,0,TRUE,0,#3c8dbc
7,Belarus,10786,Country,2022-05-29,16552,28.0463,53.5384,57.838933546403,33.727940625,48.496893952144,21.0463,NA,5,2022,Border crossings from Ukraine (cumulative),5460,2,1,0,FALSE,0,#3c8dbc
6,Slovakia,10785,Country,2022-05-31,466264,19.4864,48.7062,55.7062,26.4864,41.7062,12.4864,"UNHCR, Government",5,2022,Border crossings from Ukraine (cumulative),5460,2,1,0,TRUE,0,#3c8dbc
1,Poland,10781,Country,2022-06-01,3690089,19.4013,52.1224,55.469505777204,26.4013,48.02154911827,12.4013,"UNHCR, Government",6,2022,Border crossings from Ukraine (cumulative),5460,2,1,0,TRUE,0,#3c8dbc
2,Russian Federation,12002,Country,2022-06-01,1041095,38.1556078125,51.488850139616,55.991456445157,40.355733035714,51.727742159442,34.812904464286,"UNHCR, Government",6,2022,Border crossings from Ukraine (cumulative),5460,2,1,NA,FALSE,1,#3c8dbc
3,Hungary,10783,Country,2022-06-01,698420,19.4131,47.1672,54.1672,26.58888125,43.760060981758,12.4131,"UNHCR, Government",6,2022,Border crossings from Ukraine (cumulative),5460,2,1,0,TRUE,0,#3c8dbc
4,Romania,10782,Country,2022-06-01,587219,25.3,45.8667,52.8667,32.3,38.8667,18.3,"UNHCR, Government",6,2022,Border crossings from Ukraine (cumulative),5460,2,1,0,TRUE,0,#3c8dbc
5,Republic of Moldova,10784,Country,2022-06-01,483306,28.4646,47.1976,49.019638429728,31.685303125,45.044273452589,25.068115625,"UNHCR, Government",6,2022,Border crossings from Ukraine (cumulative),5460,2,1,0,TRUE,0,#3c8dbc
7,Belarus,10786,Country,2022-06-01,16648,28.0463,53.5384,57.838933546403,33.727940625,48.496893952144,21.0463,"UNHCR, Government",6,2022,Border crossings from Ukraine (cumulative),5460,2,1,NA,FALSE,0,#3c8dbc
